-- MySQL dump 10.13  Distrib 8.0.40, for Win64 (x86_64)
--
-- Host: 127.0.0.1    Database: board_project
-- ------------------------------------------------------
-- Server version	8.0.40

/*!40101 SET @OLD_CHARACTER_SET_CLIENT=@@CHARACTER_SET_CLIENT */;
/*!40101 SET @OLD_CHARACTER_SET_RESULTS=@@CHARACTER_SET_RESULTS */;
/*!40101 SET @OLD_COLLATION_CONNECTION=@@COLLATION_CONNECTION */;
/*!50503 SET NAMES utf8 */;
/*!40103 SET @OLD_TIME_ZONE=@@TIME_ZONE */;
/*!40103 SET TIME_ZONE='+00:00' */;
/*!40014 SET @OLD_UNIQUE_CHECKS=@@UNIQUE_CHECKS, UNIQUE_CHECKS=0 */;
/*!40014 SET @OLD_FOREIGN_KEY_CHECKS=@@FOREIGN_KEY_CHECKS, FOREIGN_KEY_CHECKS=0 */;
/*!40101 SET @OLD_SQL_MODE=@@SQL_MODE, SQL_MODE='NO_AUTO_VALUE_ON_ZERO' */;
/*!40111 SET @OLD_SQL_NOTES=@@SQL_NOTES, SQL_NOTES=0 */;

--
-- Table structure for table `board_category_tb`
--

DROP TABLE IF EXISTS `board_category_tb`;
/*!40101 SET @saved_cs_client     = @@character_set_client */;
/*!50503 SET character_set_client = utf8mb4 */;
CREATE TABLE `board_category_tb` (
  `board_category_id` int NOT NULL AUTO_INCREMENT,
  `board_category_name` varchar(255) NOT NULL,
  PRIMARY KEY (`board_category_id`),
  UNIQUE KEY `board_category_name_UNIQUE` (`board_category_name`)
) ENGINE=InnoDB AUTO_INCREMENT=8 DEFAULT CHARSET=utf8mb4 COLLATE=utf8mb4_0900_ai_ci;
/*!40101 SET character_set_client = @saved_cs_client */;

--
-- Dumping data for table `board_category_tb`
--

LOCK TABLES `board_category_tb` WRITE;
/*!40000 ALTER TABLE `board_category_tb` DISABLE KEYS */;
INSERT INTO `board_category_tb` VALUES (2,'aaaa'),(3,'test'),(7,'데이터베이스'),(5,'리액트'),(4,'자바스크립트'),(6,'테스트');
/*!40000 ALTER TABLE `board_category_tb` ENABLE KEYS */;
UNLOCK TABLES;

--
-- Table structure for table `board_like_tb`
--

DROP TABLE IF EXISTS `board_like_tb`;
/*!40101 SET @saved_cs_client     = @@character_set_client */;
/*!50503 SET character_set_client = utf8mb4 */;
CREATE TABLE `board_like_tb` (
  `board_like_id` int NOT NULL AUTO_INCREMENT,
  `board_id` int NOT NULL,
  `user_id` int NOT NULL,
  PRIMARY KEY (`board_like_id`)
) ENGINE=InnoDB AUTO_INCREMENT=11 DEFAULT CHARSET=utf8mb4 COLLATE=utf8mb4_0900_ai_ci;
/*!40101 SET character_set_client = @saved_cs_client */;

--
-- Dumping data for table `board_like_tb`
--

LOCK TABLES `board_like_tb` WRITE;
/*!40000 ALTER TABLE `board_like_tb` DISABLE KEYS */;
INSERT INTO `board_like_tb` VALUES (1,9,6),(2,9,7),(3,9,5),(4,9,4),(5,8,7),(6,8,5),(7,8,3),(8,7,5),(9,7,7),(10,7,8);
/*!40000 ALTER TABLE `board_like_tb` ENABLE KEYS */;
UNLOCK TABLES;

--
-- Table structure for table `board_tb`
--

DROP TABLE IF EXISTS `board_tb`;
/*!40101 SET @saved_cs_client     = @@character_set_client */;
/*!50503 SET character_set_client = utf8mb4 */;
CREATE TABLE `board_tb` (
  `board_id` int NOT NULL AUTO_INCREMENT,
  `board_category_id` int NOT NULL,
  `user_id` int NOT NULL,
  `title` varchar(255) NOT NULL,
  `content` longtext NOT NULL,
  `view_count` int NOT NULL,
  `created_at` timestamp NOT NULL,
  `updated_at` timestamp NOT NULL,
  PRIMARY KEY (`board_id`)
) ENGINE=InnoDB AUTO_INCREMENT=409579 DEFAULT CHARSET=utf8mb4 COLLATE=utf8mb4_0900_ai_ci;
/*!40101 SET character_set_client = @saved_cs_client */;

--
-- Dumping data for table `board_tb`
--

LOCK TABLES `board_tb` WRITE;
/*!40000 ALTER TABLE `board_tb` DISABLE KEYS */;
INSERT INTO `board_tb` VALUES (1,2,6,'테스트','<h1>테스트 내용입니다.</h1>',0,'2025-03-04 07:45:24','2025-03-04 07:45:24'),(2,3,6,'ㄻㄴㅇㄹㄴㅁㅇ','<p>ㄻㄴㅇㄻㄴㅇㄻㄴㅇㄹ</p>',0,'2025-03-04 08:16:38','2025-03-04 08:16:38'),(3,3,6,'ㄻㄴㅇㄹㄴㅁㅇ','<p>ㄻㄴㅇㄻㄴㅇㄻㄴㅇㄹ</p>',0,'2025-03-04 08:16:41','2025-03-04 08:16:41'),(4,3,6,'ㄻㄴㅇㄹㄴㅁㅇㅇㄴㄹㅇㄴㅁㄹ','<p>ㄻㄴㅇㄻㄴㅇㄻㄴㅇㄹ</p>',0,'2025-03-04 08:16:44','2025-03-04 08:16:44'),(5,4,6,'자바스크립트','<p>ㅁㄴㅇㅇㅇㅇㅇ</p>',0,'2025-03-04 08:17:07','2025-03-04 08:17:07'),(6,5,6,'리액트 수업내용','<p>ㅁㄴㅇㅇㅇㅇㅇㅇㄻㄴㅇㄴㄹ</p>',0,'2025-03-04 08:17:24','2025-03-04 08:17:24'),(7,4,7,'자바스크립트 수업','<p>ㅇㄴㄹㄴㅇㅁㄻㄴㅇㄹ</p>',0,'2025-03-04 08:18:10','2025-03-04 08:18:10'),(8,6,7,'테스트 글입니다.','<p>ㅇㄴㄹㄴㅇㅁㄻㄴㅇㄹ</p>',0,'2025-03-04 08:18:26','2025-03-04 08:18:26'),(9,7,7,'데이터베이스 수업','<p>ㅇㄴㄹㄴㅇㅁㄻㄴㅇㄹ</p>',0,'2025-03-04 08:18:41','2025-03-04 08:18:41'),(10,2,6,'테스트','<h1>테스트 내용입니다.</h1>',443,'2025-03-05 06:19:20','2025-03-05 06:19:20'),(11,3,6,'ㄻㄴㅇㄹㄴㅁㅇ','<p>ㄻㄴㅇㄻㄴㅇㄻㄴㅇㄹ</p>',491,'2025-03-05 06:19:20','2025-03-05 06:19:20'),(12,3,6,'ㄻㄴㅇㄹㄴㅁㅇ','<p>ㄻㄴㅇㄻㄴㅇㄻㄴㅇㄹ</p>',125,'2025-03-05 06:19:20','2025-03-05 06:19:20'),(13,3,6,'ㄻㄴㅇㄹㄴㅁㅇㅇㄴㄹㅇㄴㅁㄹ','<p>ㄻㄴㅇㄻㄴㅇㄻㄴㅇㄹ</p>',154,'2025-03-05 06:19:20','2025-03-05 06:19:20'),(14,4,6,'자바스크립트','<p>ㅁㄴㅇㅇㅇㅇㅇ</p>',394,'2025-03-05 06:19:20','2025-03-05 06:19:20'),(15,5,6,'리액트 수업내용','<p>ㅁㄴㅇㅇㅇㅇㅇㅇㄻㄴㅇㄴㄹ</p>',508,'2025-03-05 06:19:20','2025-03-05 06:19:20'),(16,4,7,'자바스크립트 수업','<p>ㅇㄴㄹㄴㅇㅁㄻㄴㅇㄹ</p>',357,'2025-03-05 06:19:20','2025-03-05 06:19:20'),(17,6,7,'테스트 글입니다.','<p>ㅇㄴㄹㄴㅇㅁㄻㄴㅇㄹ</p>',260,'2025-03-05 06:19:20','2025-03-05 06:19:20'),(18,7,7,'데이터베이스 수업','<p>ㅇㄴㄹㄴㅇㅁㄻㄴㅇㄹ</p>',229,'2025-03-05 06:19:20','2025-03-05 06:19:20'),(25,2,6,'테스트','<h1>테스트 내용입니다.</h1>',362,'2025-03-05 06:19:21','2025-03-05 06:19:21'),(26,3,6,'ㄻㄴㅇㄹㄴㅁㅇ','<p>ㄻㄴㅇㄻㄴㅇㄻㄴㅇㄹ</p>',125,'2025-03-05 06:19:21','2025-03-05 06:19:21'),(27,3,6,'ㄻㄴㅇㄹㄴㅁㅇ','<p>ㄻㄴㅇㄻㄴㅇㄻㄴㅇㄹ</p>',539,'2025-03-05 06:19:21','2025-03-05 06:19:21'),(28,3,6,'ㄻㄴㅇㄹㄴㅁㅇㅇㄴㄹㅇㄴㅁㄹ','<p>ㄻㄴㅇㄻㄴㅇㄻㄴㅇㄹ</p>',318,'2025-03-05 06:19:21','2025-03-05 06:19:21'),(29,4,6,'자바스크립트','<p>ㅁㄴㅇㅇㅇㅇㅇ</p>',973,'2025-03-05 06:19:21','2025-03-05 06:19:21'),(30,5,6,'리액트 수업내용','<p>ㅁㄴㅇㅇㅇㅇㅇㅇㄻㄴㅇㄴㄹ</p>',912,'2025-03-05 06:19:21','2025-03-05 06:19:21'),(31,4,7,'자바스크립트 수업','<p>ㅇㄴㄹㄴㅇㅁㄻㄴㅇㄹ</p>',638,'2025-03-05 06:19:21','2025-03-05 06:19:21'),(32,6,7,'테스트 글입니다.','<p>ㅇㄴㄹㄴㅇㅁㄻㄴㅇㄹ</p>',455,'2025-03-05 06:19:21','2025-03-05 06:19:21'),(33,7,7,'데이터베이스 수업','<p>ㅇㄴㄹㄴㅇㅁㄻㄴㅇㄹ</p>',359,'2025-03-05 06:19:21','2025-03-05 06:19:21'),(34,2,6,'테스트','<h1>테스트 내용입니다.</h1>',429,'2025-03-05 06:19:21','2025-03-05 06:19:21'),(35,3,6,'ㄻㄴㅇㄹㄴㅁㅇ','<p>ㄻㄴㅇㄻㄴㅇㄻㄴㅇㄹ</p>',68,'2025-03-05 06:19:21','2025-03-05 06:19:21'),(36,3,6,'ㄻㄴㅇㄹㄴㅁㅇ','<p>ㄻㄴㅇㄻㄴㅇㄻㄴㅇㄹ</p>',54,'2025-03-05 06:19:21','2025-03-05 06:19:21'),(37,3,6,'ㄻㄴㅇㄹㄴㅁㅇㅇㄴㄹㅇㄴㅁㄹ','<p>ㄻㄴㅇㄻㄴㅇㄻㄴㅇㄹ</p>',63,'2025-03-05 06:19:21','2025-03-05 06:19:21'),(38,4,6,'자바스크립트','<p>ㅁㄴㅇㅇㅇㅇㅇ</p>',154,'2025-03-05 06:19:21','2025-03-05 06:19:21'),(39,5,6,'리액트 수업내용','<p>ㅁㄴㅇㅇㅇㅇㅇㅇㄻㄴㅇㄴㄹ</p>',580,'2025-03-05 06:19:21','2025-03-05 06:19:21'),(40,4,7,'자바스크립트 수업','<p>ㅇㄴㄹㄴㅇㅁㄻㄴㅇㄹ</p>',438,'2025-03-05 06:19:21','2025-03-05 06:19:21'),(41,6,7,'테스트 글입니다.','<p>ㅇㄴㄹㄴㅇㅁㄻㄴㅇㄹ</p>',450,'2025-03-05 06:19:21','2025-03-05 06:19:21'),(42,7,7,'데이터베이스 수업','<p>ㅇㄴㄹㄴㅇㅁㄻㄴㅇㄹ</p>',935,'2025-03-05 06:19:21','2025-03-05 06:19:21'),(56,2,6,'테스트','<h1>테스트 내용입니다.</h1>',323,'2025-03-05 06:19:21','2025-03-05 06:19:21'),(57,3,6,'ㄻㄴㅇㄹㄴㅁㅇ','<p>ㄻㄴㅇㄻㄴㅇㄻㄴㅇㄹ</p>',811,'2025-03-05 06:19:21','2025-03-05 06:19:21'),(58,3,6,'ㄻㄴㅇㄹㄴㅁㅇ','<p>ㄻㄴㅇㄻㄴㅇㄻㄴㅇㄹ</p>',84,'2025-03-05 06:19:21','2025-03-05 06:19:21'),(59,3,6,'ㄻㄴㅇㄹㄴㅁㅇㅇㄴㄹㅇㄴㅁㄹ','<p>ㄻㄴㅇㄻㄴㅇㄻㄴㅇㄹ</p>',987,'2025-03-05 06:19:21','2025-03-05 06:19:21'),(60,4,6,'자바스크립트','<p>ㅁㄴㅇㅇㅇㅇㅇ</p>',684,'2025-03-05 06:19:21','2025-03-05 06:19:21'),(61,5,6,'리액트 수업내용','<p>ㅁㄴㅇㅇㅇㅇㅇㅇㄻㄴㅇㄴㄹ</p>',459,'2025-03-05 06:19:21','2025-03-05 06:19:21'),(62,4,7,'자바스크립트 수업','<p>ㅇㄴㄹㄴㅇㅁㄻㄴㅇㄹ</p>',243,'2025-03-05 06:19:21','2025-03-05 06:19:21'),(63,6,7,'테스트 글입니다.','<p>ㅇㄴㄹㄴㅇㅁㄻㄴㅇㄹ</p>',836,'2025-03-05 06:19:21','2025-03-05 06:19:21'),(64,7,7,'데이터베이스 수업','<p>ㅇㄴㄹㄴㅇㅁㄻㄴㅇㄹ</p>',450,'2025-03-05 06:19:21','2025-03-05 06:19:21'),(65,2,6,'테스트','<h1>테스트 내용입니다.</h1>',743,'2025-03-05 06:19:21','2025-03-05 06:19:21'),(66,3,6,'ㄻㄴㅇㄹㄴㅁㅇ','<p>ㄻㄴㅇㄻㄴㅇㄻㄴㅇㄹ</p>',363,'2025-03-05 06:19:21','2025-03-05 06:19:21'),(67,3,6,'ㄻㄴㅇㄹㄴㅁㅇ','<p>ㄻㄴㅇㄻㄴㅇㄻㄴㅇㄹ</p>',587,'2025-03-05 06:19:21','2025-03-05 06:19:21'),(68,3,6,'ㄻㄴㅇㄹㄴㅁㅇㅇㄴㄹㅇㄴㅁㄹ','<p>ㄻㄴㅇㄻㄴㅇㄻㄴㅇㄹ</p>',844,'2025-03-05 06:19:21','2025-03-05 06:19:21'),(69,4,6,'자바스크립트','<p>ㅁㄴㅇㅇㅇㅇㅇ</p>',460,'2025-03-05 06:19:21','2025-03-05 06:19:21'),(70,5,6,'리액트 수업내용','<p>ㅁㄴㅇㅇㅇㅇㅇㅇㄻㄴㅇㄴㄹ</p>',766,'2025-03-05 06:19:21','2025-03-05 06:19:21'),(71,4,7,'자바스크립트 수업','<p>ㅇㄴㄹㄴㅇㅁㄻㄴㅇㄹ</p>',448,'2025-03-05 06:19:21','2025-03-05 06:19:21'),(72,6,7,'테스트 글입니다.','<p>ㅇㄴㄹㄴㅇㅁㄻㄴㅇㄹ</p>',945,'2025-03-05 06:19:21','2025-03-05 06:19:21'),(73,7,7,'데이터베이스 수업','<p>ㅇㄴㄹㄴㅇㅁㄻㄴㅇㄹ</p>',379,'2025-03-05 06:19:21','2025-03-05 06:19:21'),(74,2,6,'테스트','<h1>테스트 내용입니다.</h1>',59,'2025-03-05 06:19:21','2025-03-05 06:19:21'),(75,3,6,'ㄻㄴㅇㄹㄴㅁㅇ','<p>ㄻㄴㅇㄻㄴㅇㄻㄴㅇㄹ</p>',159,'2025-03-05 06:19:21','2025-03-05 06:19:21'),(76,3,6,'ㄻㄴㅇㄹㄴㅁㅇ','<p>ㄻㄴㅇㄻㄴㅇㄻㄴㅇㄹ</p>',616,'2025-03-05 06:19:21','2025-03-05 06:19:21'),(77,3,6,'ㄻㄴㅇㄹㄴㅁㅇㅇㄴㄹㅇㄴㅁㄹ','<p>ㄻㄴㅇㄻㄴㅇㄻㄴㅇㄹ</p>',605,'2025-03-05 06:19:21','2025-03-05 06:19:21'),(78,4,6,'자바스크립트','<p>ㅁㄴㅇㅇㅇㅇㅇ</p>',173,'2025-03-05 06:19:21','2025-03-05 06:19:21'),(79,5,6,'리액트 수업내용','<p>ㅁㄴㅇㅇㅇㅇㅇㅇㄻㄴㅇㄴㄹ</p>',51,'2025-03-05 06:19:21','2025-03-05 06:19:21'),(80,4,7,'자바스크립트 수업','<p>ㅇㄴㄹㄴㅇㅁㄻㄴㅇㄹ</p>',736,'2025-03-05 06:19:21','2025-03-05 06:19:21'),(81,6,7,'테스트 글입니다.','<p>ㅇㄴㄹㄴㅇㅁㄻㄴㅇㄹ</p>',527,'2025-03-05 06:19:21','2025-03-05 06:19:21'),(82,7,7,'데이터베이스 수업','<p>ㅇㄴㄹㄴㅇㅁㄻㄴㅇㄹ</p>',427,'2025-03-05 06:19:21','2025-03-05 06:19:21'),(83,2,6,'테스트','<h1>테스트 내용입니다.</h1>',553,'2025-03-05 06:19:21','2025-03-05 06:19:21'),(84,3,6,'ㄻㄴㅇㄹㄴㅁㅇ','<p>ㄻㄴㅇㄻㄴㅇㄻㄴㅇㄹ</p>',483,'2025-03-05 06:19:21','2025-03-05 06:19:21'),(85,3,6,'ㄻㄴㅇㄹㄴㅁㅇ','<p>ㄻㄴㅇㄻㄴㅇㄻㄴㅇㄹ</p>',755,'2025-03-05 06:19:21','2025-03-05 06:19:21'),(86,3,6,'ㄻㄴㅇㄹㄴㅁㅇㅇㄴㄹㅇㄴㅁㄹ','<p>ㄻㄴㅇㄻㄴㅇㄻㄴㅇㄹ</p>',327,'2025-03-05 06:19:21','2025-03-05 06:19:21'),(87,4,6,'자바스크립트','<p>ㅁㄴㅇㅇㅇㅇㅇ</p>',370,'2025-03-05 06:19:21','2025-03-05 06:19:21'),(88,5,6,'리액트 수업내용','<p>ㅁㄴㅇㅇㅇㅇㅇㅇㄻㄴㅇㄴㄹ</p>',868,'2025-03-05 06:19:21','2025-03-05 06:19:21'),(89,4,7,'자바스크립트 수업','<p>ㅇㄴㄹㄴㅇㅁㄻㄴㅇㄹ</p>',231,'2025-03-05 06:19:21','2025-03-05 06:19:21'),(90,6,7,'테스트 글입니다.','<p>ㅇㄴㄹㄴㅇㅁㄻㄴㅇㄹ</p>',548,'2025-03-05 06:19:21','2025-03-05 06:19:21'),(91,7,7,'데이터베이스 수업','<p>ㅇㄴㄹㄴㅇㅁㄻㄴㅇㄹ</p>',46,'2025-03-05 06:19:21','2025-03-05 06:19:21'),(119,2,6,'테스트','<h1>테스트 내용입니다.</h1>',587,'2025-03-05 06:19:21','2025-03-05 06:19:21'),(120,3,6,'ㄻㄴㅇㄹㄴㅁㅇ','<p>ㄻㄴㅇㄻㄴㅇㄻㄴㅇㄹ</p>',795,'2025-03-05 06:19:21','2025-03-05 06:19:21'),(121,3,6,'ㄻㄴㅇㄹㄴㅁㅇ','<p>ㄻㄴㅇㄻㄴㅇㄻㄴㅇㄹ</p>',214,'2025-03-05 06:19:21','2025-03-05 06:19:21'),(122,3,6,'ㄻㄴㅇㄹㄴㅁㅇㅇㄴㄹㅇㄴㅁㄹ','<p>ㄻㄴㅇㄻㄴㅇㄻㄴㅇㄹ</p>',684,'2025-03-05 06:19:21','2025-03-05 06:19:21'),(123,4,6,'자바스크립트','<p>ㅁㄴㅇㅇㅇㅇㅇ</p>',778,'2025-03-05 06:19:21','2025-03-05 06:19:21'),(124,5,6,'리액트 수업내용','<p>ㅁㄴㅇㅇㅇㅇㅇㅇㄻㄴㅇㄴㄹ</p>',836,'2025-03-05 06:19:21','2025-03-05 06:19:21'),(125,4,7,'자바스크립트 수업','<p>ㅇㄴㄹㄴㅇㅁㄻㄴㅇㄹ</p>',848,'2025-03-05 06:19:21','2025-03-05 06:19:21'),(126,6,7,'테스트 글입니다.','<p>ㅇㄴㄹㄴㅇㅁㄻㄴㅇㄹ</p>',732,'2025-03-05 06:19:21','2025-03-05 06:19:21'),(127,7,7,'데이터베이스 수업','<p>ㅇㄴㄹㄴㅇㅁㄻㄴㅇㄹ</p>',115,'2025-03-05 06:19:21','2025-03-05 06:19:21'),(128,2,6,'테스트','<h1>테스트 내용입니다.</h1>',377,'2025-03-05 06:19:21','2025-03-05 06:19:21'),(129,3,6,'ㄻㄴㅇㄹㄴㅁㅇ','<p>ㄻㄴㅇㄻㄴㅇㄻㄴㅇㄹ</p>',540,'2025-03-05 06:19:21','2025-03-05 06:19:21'),(130,3,6,'ㄻㄴㅇㄹㄴㅁㅇ','<p>ㄻㄴㅇㄻㄴㅇㄻㄴㅇㄹ</p>',567,'2025-03-05 06:19:21','2025-03-05 06:19:21'),(131,3,6,'ㄻㄴㅇㄹㄴㅁㅇㅇㄴㄹㅇㄴㅁㄹ','<p>ㄻㄴㅇㄻㄴㅇㄻㄴㅇㄹ</p>',217,'2025-03-05 06:19:21','2025-03-05 06:19:21'),(132,4,6,'자바스크립트','<p>ㅁㄴㅇㅇㅇㅇㅇ</p>',382,'2025-03-05 06:19:21','2025-03-05 06:19:21'),(133,5,6,'리액트 수업내용','<p>ㅁㄴㅇㅇㅇㅇㅇㅇㄻㄴㅇㄴㄹ</p>',260,'2025-03-05 06:19:21','2025-03-05 06:19:21'),(134,4,7,'자바스크립트 수업','<p>ㅇㄴㄹㄴㅇㅁㄻㄴㅇㄹ</p>',151,'2025-03-05 06:19:21','2025-03-05 06:19:21'),(135,6,7,'테스트 글입니다.','<p>ㅇㄴㄹㄴㅇㅁㄻㄴㅇㄹ</p>',975,'2025-03-05 06:19:21','2025-03-05 06:19:21'),(136,7,7,'데이터베이스 수업','<p>ㅇㄴㄹㄴㅇㅁㄻㄴㅇㄹ</p>',423,'2025-03-05 06:19:21','2025-03-05 06:19:21'),(137,2,6,'테스트','<h1>테스트 내용입니다.</h1>',190,'2025-03-05 06:19:21','2025-03-05 06:19:21'),(138,3,6,'ㄻㄴㅇㄹㄴㅁㅇ','<p>ㄻㄴㅇㄻㄴㅇㄻㄴㅇㄹ</p>',679,'2025-03-05 06:19:21','2025-03-05 06:19:21'),(139,3,6,'ㄻㄴㅇㄹㄴㅁㅇ','<p>ㄻㄴㅇㄻㄴㅇㄻㄴㅇㄹ</p>',823,'2025-03-05 06:19:21','2025-03-05 06:19:21'),(140,3,6,'ㄻㄴㅇㄹㄴㅁㅇㅇㄴㄹㅇㄴㅁㄹ','<p>ㄻㄴㅇㄻㄴㅇㄻㄴㅇㄹ</p>',79,'2025-03-05 06:19:21','2025-03-05 06:19:21'),(141,4,6,'자바스크립트','<p>ㅁㄴㅇㅇㅇㅇㅇ</p>',928,'2025-03-05 06:19:21','2025-03-05 06:19:21'),(142,5,6,'리액트 수업내용','<p>ㅁㄴㅇㅇㅇㅇㅇㅇㄻㄴㅇㄴㄹ</p>',399,'2025-03-05 06:19:21','2025-03-05 06:19:21'),(143,4,7,'자바스크립트 수업','<p>ㅇㄴㄹㄴㅇㅁㄻㄴㅇㄹ</p>',210,'2025-03-05 06:19:21','2025-03-05 06:19:21'),(144,6,7,'테스트 글입니다.','<p>ㅇㄴㄹㄴㅇㅁㄻㄴㅇㄹ</p>',853,'2025-03-05 06:19:21','2025-03-05 06:19:21'),(145,7,7,'데이터베이스 수업','<p>ㅇㄴㄹㄴㅇㅁㄻㄴㅇㄹ</p>',636,'2025-03-05 06:19:21','2025-03-05 06:19:21'),(146,2,6,'테스트','<h1>테스트 내용입니다.</h1>',618,'2025-03-05 06:19:21','2025-03-05 06:19:21'),(147,3,6,'ㄻㄴㅇㄹㄴㅁㅇ','<p>ㄻㄴㅇㄻㄴㅇㄻㄴㅇㄹ</p>',182,'2025-03-05 06:19:21','2025-03-05 06:19:21'),(148,3,6,'ㄻㄴㅇㄹㄴㅁㅇ','<p>ㄻㄴㅇㄻㄴㅇㄻㄴㅇㄹ</p>',57,'2025-03-05 06:19:21','2025-03-05 06:19:21'),(149,3,6,'ㄻㄴㅇㄹㄴㅁㅇㅇㄴㄹㅇㄴㅁㄹ','<p>ㄻㄴㅇㄻㄴㅇㄻㄴㅇㄹ</p>',737,'2025-03-05 06:19:21','2025-03-05 06:19:21'),(150,4,6,'자바스크립트','<p>ㅁㄴㅇㅇㅇㅇㅇ</p>',515,'2025-03-05 06:19:21','2025-03-05 06:19:21'),(151,5,6,'리액트 수업내용','<p>ㅁㄴㅇㅇㅇㅇㅇㅇㄻㄴㅇㄴㄹ</p>',362,'2025-03-05 06:19:21','2025-03-05 06:19:21'),(152,4,7,'자바스크립트 수업','<p>ㅇㄴㄹㄴㅇㅁㄻㄴㅇㄹ</p>',263,'2025-03-05 06:19:21','2025-03-05 06:19:21'),(153,6,7,'테스트 글입니다.','<p>ㅇㄴㄹㄴㅇㅁㄻㄴㅇㄹ</p>',232,'2025-03-05 06:19:21','2025-03-05 06:19:21'),(154,7,7,'데이터베이스 수업','<p>ㅇㄴㄹㄴㅇㅁㄻㄴㅇㄹ</p>',367,'2025-03-05 06:19:21','2025-03-05 06:19:21'),(155,2,6,'테스트','<h1>테스트 내용입니다.</h1>',140,'2025-03-05 06:19:21','2025-03-05 06:19:21'),(156,3,6,'ㄻㄴㅇㄹㄴㅁㅇ','<p>ㄻㄴㅇㄻㄴㅇㄻㄴㅇㄹ</p>',600,'2025-03-05 06:19:21','2025-03-05 06:19:21'),(157,3,6,'ㄻㄴㅇㄹㄴㅁㅇ','<p>ㄻㄴㅇㄻㄴㅇㄻㄴㅇㄹ</p>',580,'2025-03-05 06:19:21','2025-03-05 06:19:21'),(158,3,6,'ㄻㄴㅇㄹㄴㅁㅇㅇㄴㄹㅇㄴㅁㄹ','<p>ㄻㄴㅇㄻㄴㅇㄻㄴㅇㄹ</p>',98,'2025-03-05 06:19:21','2025-03-05 06:19:21'),(159,4,6,'자바스크립트','<p>ㅁㄴㅇㅇㅇㅇㅇ</p>',749,'2025-03-05 06:19:21','2025-03-05 06:19:21'),(160,5,6,'리액트 수업내용','<p>ㅁㄴㅇㅇㅇㅇㅇㅇㄻㄴㅇㄴㄹ</p>',449,'2025-03-05 06:19:21','2025-03-05 06:19:21'),(161,4,7,'자바스크립트 수업','<p>ㅇㄴㄹㄴㅇㅁㄻㄴㅇㄹ</p>',1000,'2025-03-05 06:19:21','2025-03-05 06:19:21'),(162,6,7,'테스트 글입니다.','<p>ㅇㄴㄹㄴㅇㅁㄻㄴㅇㄹ</p>',653,'2025-03-05 06:19:21','2025-03-05 06:19:21'),(163,7,7,'데이터베이스 수업','<p>ㅇㄴㄹㄴㅇㅁㄻㄴㅇㄹ</p>',262,'2025-03-05 06:19:21','2025-03-05 06:19:21'),(164,2,6,'테스트','<h1>테스트 내용입니다.</h1>',350,'2025-03-05 06:19:21','2025-03-05 06:19:21'),(165,3,6,'ㄻㄴㅇㄹㄴㅁㅇ','<p>ㄻㄴㅇㄻㄴㅇㄻㄴㅇㄹ</p>',963,'2025-03-05 06:19:21','2025-03-05 06:19:21'),(166,3,6,'ㄻㄴㅇㄹㄴㅁㅇ','<p>ㄻㄴㅇㄻㄴㅇㄻㄴㅇㄹ</p>',768,'2025-03-05 06:19:21','2025-03-05 06:19:21'),(167,3,6,'ㄻㄴㅇㄹㄴㅁㅇㅇㄴㄹㅇㄴㅁㄹ','<p>ㄻㄴㅇㄻㄴㅇㄻㄴㅇㄹ</p>',947,'2025-03-05 06:19:21','2025-03-05 06:19:21'),(168,4,6,'자바스크립트','<p>ㅁㄴㅇㅇㅇㅇㅇ</p>',431,'2025-03-05 06:19:21','2025-03-05 06:19:21'),(169,5,6,'리액트 수업내용','<p>ㅁㄴㅇㅇㅇㅇㅇㅇㄻㄴㅇㄴㄹ</p>',316,'2025-03-05 06:19:21','2025-03-05 06:19:21'),(170,4,7,'자바스크립트 수업','<p>ㅇㄴㄹㄴㅇㅁㄻㄴㅇㄹ</p>',286,'2025-03-05 06:19:21','2025-03-05 06:19:21'),(171,6,7,'테스트 글입니다.','<p>ㅇㄴㄹㄴㅇㅁㄻㄴㅇㄹ</p>',480,'2025-03-05 06:19:21','2025-03-05 06:19:21'),(172,7,7,'데이터베이스 수업','<p>ㅇㄴㄹㄴㅇㅁㄻㄴㅇㄹ</p>',542,'2025-03-05 06:19:21','2025-03-05 06:19:21'),(173,2,6,'테스트','<h1>테스트 내용입니다.</h1>',270,'2025-03-05 06:19:21','2025-03-05 06:19:21'),(174,3,6,'ㄻㄴㅇㄹㄴㅁㅇ','<p>ㄻㄴㅇㄻㄴㅇㄻㄴㅇㄹ</p>',721,'2025-03-05 06:19:21','2025-03-05 06:19:21'),(175,3,6,'ㄻㄴㅇㄹㄴㅁㅇ','<p>ㄻㄴㅇㄻㄴㅇㄻㄴㅇㄹ</p>',796,'2025-03-05 06:19:21','2025-03-05 06:19:21'),(176,3,6,'ㄻㄴㅇㄹㄴㅁㅇㅇㄴㄹㅇㄴㅁㄹ','<p>ㄻㄴㅇㄻㄴㅇㄻㄴㅇㄹ</p>',818,'2025-03-05 06:19:21','2025-03-05 06:19:21'),(177,4,6,'자바스크립트','<p>ㅁㄴㅇㅇㅇㅇㅇ</p>',700,'2025-03-05 06:19:21','2025-03-05 06:19:21'),(178,5,6,'리액트 수업내용','<p>ㅁㄴㅇㅇㅇㅇㅇㅇㄻㄴㅇㄴㄹ</p>',48,'2025-03-05 06:19:21','2025-03-05 06:19:21'),(179,4,7,'자바스크립트 수업','<p>ㅇㄴㄹㄴㅇㅁㄻㄴㅇㄹ</p>',137,'2025-03-05 06:19:21','2025-03-05 06:19:21'),(180,6,7,'테스트 글입니다.','<p>ㅇㄴㄹㄴㅇㅁㄻㄴㅇㄹ</p>',539,'2025-03-05 06:19:21','2025-03-05 06:19:21'),(181,7,7,'데이터베이스 수업','<p>ㅇㄴㄹㄴㅇㅁㄻㄴㅇㄹ</p>',286,'2025-03-05 06:19:21','2025-03-05 06:19:21'),(182,2,6,'테스트','<h1>테스트 내용입니다.</h1>',814,'2025-03-05 06:19:21','2025-03-05 06:19:21'),(183,3,6,'ㄻㄴㅇㄹㄴㅁㅇ','<p>ㄻㄴㅇㄻㄴㅇㄻㄴㅇㄹ</p>',210,'2025-03-05 06:19:21','2025-03-05 06:19:21'),(184,3,6,'ㄻㄴㅇㄹㄴㅁㅇ','<p>ㄻㄴㅇㄻㄴㅇㄻㄴㅇㄹ</p>',607,'2025-03-05 06:19:21','2025-03-05 06:19:21'),(185,3,6,'ㄻㄴㅇㄹㄴㅁㅇㅇㄴㄹㅇㄴㅁㄹ','<p>ㄻㄴㅇㄻㄴㅇㄻㄴㅇㄹ</p>',403,'2025-03-05 06:19:21','2025-03-05 06:19:21'),(186,4,6,'자바스크립트','<p>ㅁㄴㅇㅇㅇㅇㅇ</p>',195,'2025-03-05 06:19:21','2025-03-05 06:19:21'),(187,5,6,'리액트 수업내용','<p>ㅁㄴㅇㅇㅇㅇㅇㅇㄻㄴㅇㄴㄹ</p>',766,'2025-03-05 06:19:21','2025-03-05 06:19:21'),(188,4,7,'자바스크립트 수업','<p>ㅇㄴㄹㄴㅇㅁㄻㄴㅇㄹ</p>',246,'2025-03-05 06:19:21','2025-03-05 06:19:21'),(189,6,7,'테스트 글입니다.','<p>ㅇㄴㄹㄴㅇㅁㄻㄴㅇㄹ</p>',929,'2025-03-05 06:19:21','2025-03-05 06:19:21'),(190,7,7,'데이터베이스 수업','<p>ㅇㄴㄹㄴㅇㅁㄻㄴㅇㄹ</p>',905,'2025-03-05 06:19:21','2025-03-05 06:19:21'),(246,2,6,'테스트','<h1>테스트 내용입니다.</h1>',741,'2025-03-05 06:19:22','2025-03-05 06:19:22'),(247,3,6,'ㄻㄴㅇㄹㄴㅁㅇ','<p>ㄻㄴㅇㄻㄴㅇㄻㄴㅇㄹ</p>',989,'2025-03-05 06:19:22','2025-03-05 06:19:22'),(248,3,6,'ㄻㄴㅇㄹㄴㅁㅇ','<p>ㄻㄴㅇㄻㄴㅇㄻㄴㅇㄹ</p>',720,'2025-03-05 06:19:22','2025-03-05 06:19:22'),(249,3,6,'ㄻㄴㅇㄹㄴㅁㅇㅇㄴㄹㅇㄴㅁㄹ','<p>ㄻㄴㅇㄻㄴㅇㄻㄴㅇㄹ</p>',631,'2025-03-05 06:19:22','2025-03-05 06:19:22'),(250,4,6,'자바스크립트','<p>ㅁㄴㅇㅇㅇㅇㅇ</p>',998,'2025-03-05 06:19:22','2025-03-05 06:19:22'),(251,5,6,'리액트 수업내용','<p>ㅁㄴㅇㅇㅇㅇㅇㅇㄻㄴㅇㄴㄹ</p>',93,'2025-03-05 06:19:22','2025-03-05 06:19:22'),(252,4,7,'자바스크립트 수업','<p>ㅇㄴㄹㄴㅇㅁㄻㄴㅇㄹ</p>',474,'2025-03-05 06:19:22','2025-03-05 06:19:22'),(253,6,7,'테스트 글입니다.','<p>ㅇㄴㄹㄴㅇㅁㄻㄴㅇㄹ</p>',88,'2025-03-05 06:19:22','2025-03-05 06:19:22'),(254,7,7,'데이터베이스 수업','<p>ㅇㄴㄹㄴㅇㅁㄻㄴㅇㄹ</p>',20,'2025-03-05 06:19:22','2025-03-05 06:19:22'),(255,2,6,'테스트','<h1>테스트 내용입니다.</h1>',834,'2025-03-05 06:19:22','2025-03-05 06:19:22'),(256,3,6,'ㄻㄴㅇㄹㄴㅁㅇ','<p>ㄻㄴㅇㄻㄴㅇㄻㄴㅇㄹ</p>',111,'2025-03-05 06:19:22','2025-03-05 06:19:22'),(257,3,6,'ㄻㄴㅇㄹㄴㅁㅇ','<p>ㄻㄴㅇㄻㄴㅇㄻㄴㅇㄹ</p>',52,'2025-03-05 06:19:22','2025-03-05 06:19:22'),(258,3,6,'ㄻㄴㅇㄹㄴㅁㅇㅇㄴㄹㅇㄴㅁㄹ','<p>ㄻㄴㅇㄻㄴㅇㄻㄴㅇㄹ</p>',928,'2025-03-05 06:19:22','2025-03-05 06:19:22'),(259,4,6,'자바스크립트','<p>ㅁㄴㅇㅇㅇㅇㅇ</p>',482,'2025-03-05 06:19:22','2025-03-05 06:19:22'),(260,5,6,'리액트 수업내용','<p>ㅁㄴㅇㅇㅇㅇㅇㅇㄻㄴㅇㄴㄹ</p>',624,'2025-03-05 06:19:22','2025-03-05 06:19:22'),(261,4,7,'자바스크립트 수업','<p>ㅇㄴㄹㄴㅇㅁㄻㄴㅇㄹ</p>',676,'2025-03-05 06:19:22','2025-03-05 06:19:22'),(262,6,7,'테스트 글입니다.','<p>ㅇㄴㄹㄴㅇㅁㄻㄴㅇㄹ</p>',509,'2025-03-05 06:19:22','2025-03-05 06:19:22'),(263,7,7,'데이터베이스 수업','<p>ㅇㄴㄹㄴㅇㅁㄻㄴㅇㄹ</p>',513,'2025-03-05 06:19:22','2025-03-05 06:19:22'),(264,2,6,'테스트','<h1>테스트 내용입니다.</h1>',39,'2025-03-05 06:19:22','2025-03-05 06:19:22'),(265,3,6,'ㄻㄴㅇㄹㄴㅁㅇ','<p>ㄻㄴㅇㄻㄴㅇㄻㄴㅇㄹ</p>',657,'2025-03-05 06:19:22','2025-03-05 06:19:22'),(266,3,6,'ㄻㄴㅇㄹㄴㅁㅇ','<p>ㄻㄴㅇㄻㄴㅇㄻㄴㅇㄹ</p>',168,'2025-03-05 06:19:22','2025-03-05 06:19:22'),(267,3,6,'ㄻㄴㅇㄹㄴㅁㅇㅇㄴㄹㅇㄴㅁㄹ','<p>ㄻㄴㅇㄻㄴㅇㄻㄴㅇㄹ</p>',867,'2025-03-05 06:19:22','2025-03-05 06:19:22'),(268,4,6,'자바스크립트','<p>ㅁㄴㅇㅇㅇㅇㅇ</p>',831,'2025-03-05 06:19:22','2025-03-05 06:19:22'),(269,5,6,'리액트 수업내용','<p>ㅁㄴㅇㅇㅇㅇㅇㅇㄻㄴㅇㄴㄹ</p>',553,'2025-03-05 06:19:22','2025-03-05 06:19:22'),(270,4,7,'자바스크립트 수업','<p>ㅇㄴㄹㄴㅇㅁㄻㄴㅇㄹ</p>',271,'2025-03-05 06:19:22','2025-03-05 06:19:22'),(271,6,7,'테스트 글입니다.','<p>ㅇㄴㄹㄴㅇㅁㄻㄴㅇㄹ</p>',697,'2025-03-05 06:19:22','2025-03-05 06:19:22'),(272,7,7,'데이터베이스 수업','<p>ㅇㄴㄹㄴㅇㅁㄻㄴㅇㄹ</p>',670,'2025-03-05 06:19:22','2025-03-05 06:19:22'),(273,2,6,'테스트','<h1>테스트 내용입니다.</h1>',259,'2025-03-05 06:19:22','2025-03-05 06:19:22'),(274,3,6,'ㄻㄴㅇㄹㄴㅁㅇ','<p>ㄻㄴㅇㄻㄴㅇㄻㄴㅇㄹ</p>',285,'2025-03-05 06:19:22','2025-03-05 06:19:22'),(275,3,6,'ㄻㄴㅇㄹㄴㅁㅇ','<p>ㄻㄴㅇㄻㄴㅇㄻㄴㅇㄹ</p>',649,'2025-03-05 06:19:22','2025-03-05 06:19:22'),(276,3,6,'ㄻㄴㅇㄹㄴㅁㅇㅇㄴㄹㅇㄴㅁㄹ','<p>ㄻㄴㅇㄻㄴㅇㄻㄴㅇㄹ</p>',387,'2025-03-05 06:19:22','2025-03-05 06:19:22'),(277,4,6,'자바스크립트','<p>ㅁㄴㅇㅇㅇㅇㅇ</p>',986,'2025-03-05 06:19:22','2025-03-05 06:19:22'),(278,5,6,'리액트 수업내용','<p>ㅁㄴㅇㅇㅇㅇㅇㅇㄻㄴㅇㄴㄹ</p>',771,'2025-03-05 06:19:22','2025-03-05 06:19:22'),(279,4,7,'자바스크립트 수업','<p>ㅇㄴㄹㄴㅇㅁㄻㄴㅇㄹ</p>',897,'2025-03-05 06:19:22','2025-03-05 06:19:22'),(280,6,7,'테스트 글입니다.','<p>ㅇㄴㄹㄴㅇㅁㄻㄴㅇㄹ</p>',169,'2025-03-05 06:19:22','2025-03-05 06:19:22'),(281,7,7,'데이터베이스 수업','<p>ㅇㄴㄹㄴㅇㅁㄻㄴㅇㄹ</p>',154,'2025-03-05 06:19:22','2025-03-05 06:19:22'),(282,2,6,'테스트','<h1>테스트 내용입니다.</h1>',262,'2025-03-05 06:19:22','2025-03-05 06:19:22'),(283,3,6,'ㄻㄴㅇㄹㄴㅁㅇ','<p>ㄻㄴㅇㄻㄴㅇㄻㄴㅇㄹ</p>',847,'2025-03-05 06:19:22','2025-03-05 06:19:22'),(284,3,6,'ㄻㄴㅇㄹㄴㅁㅇ','<p>ㄻㄴㅇㄻㄴㅇㄻㄴㅇㄹ</p>',450,'2025-03-05 06:19:22','2025-03-05 06:19:22'),(285,3,6,'ㄻㄴㅇㄹㄴㅁㅇㅇㄴㄹㅇㄴㅁㄹ','<p>ㄻㄴㅇㄻㄴㅇㄻㄴㅇㄹ</p>',709,'2025-03-05 06:19:22','2025-03-05 06:19:22'),(286,4,6,'자바스크립트','<p>ㅁㄴㅇㅇㅇㅇㅇ</p>',193,'2025-03-05 06:19:22','2025-03-05 06:19:22'),(287,5,6,'리액트 수업내용','<p>ㅁㄴㅇㅇㅇㅇㅇㅇㄻㄴㅇㄴㄹ</p>',840,'2025-03-05 06:19:22','2025-03-05 06:19:22'),(288,4,7,'자바스크립트 수업','<p>ㅇㄴㄹㄴㅇㅁㄻㄴㅇㄹ</p>',620,'2025-03-05 06:19:22','2025-03-05 06:19:22'),(289,6,7,'테스트 글입니다.','<p>ㅇㄴㄹㄴㅇㅁㄻㄴㅇㄹ</p>',579,'2025-03-05 06:19:22','2025-03-05 06:19:22'),(290,7,7,'데이터베이스 수업','<p>ㅇㄴㄹㄴㅇㅁㄻㄴㅇㄹ</p>',34,'2025-03-05 06:19:22','2025-03-05 06:19:22'),(291,2,6,'테스트','<h1>테스트 내용입니다.</h1>',432,'2025-03-05 06:19:22','2025-03-05 06:19:22'),(292,3,6,'ㄻㄴㅇㄹㄴㅁㅇ','<p>ㄻㄴㅇㄻㄴㅇㄻㄴㅇㄹ</p>',59,'2025-03-05 06:19:22','2025-03-05 06:19:22'),(293,3,6,'ㄻㄴㅇㄹㄴㅁㅇ','<p>ㄻㄴㅇㄻㄴㅇㄻㄴㅇㄹ</p>',997,'2025-03-05 06:19:22','2025-03-05 06:19:22'),(294,3,6,'ㄻㄴㅇㄹㄴㅁㅇㅇㄴㄹㅇㄴㅁㄹ','<p>ㄻㄴㅇㄻㄴㅇㄻㄴㅇㄹ</p>',807,'2025-03-05 06:19:22','2025-03-05 06:19:22'),(295,4,6,'자바스크립트','<p>ㅁㄴㅇㅇㅇㅇㅇ</p>',45,'2025-03-05 06:19:22','2025-03-05 06:19:22'),(296,5,6,'리액트 수업내용','<p>ㅁㄴㅇㅇㅇㅇㅇㅇㄻㄴㅇㄴㄹ</p>',803,'2025-03-05 06:19:22','2025-03-05 06:19:22'),(297,4,7,'자바스크립트 수업','<p>ㅇㄴㄹㄴㅇㅁㄻㄴㅇㄹ</p>',880,'2025-03-05 06:19:22','2025-03-05 06:19:22'),(298,6,7,'테스트 글입니다.','<p>ㅇㄴㄹㄴㅇㅁㄻㄴㅇㄹ</p>',989,'2025-03-05 06:19:22','2025-03-05 06:19:22'),(299,7,7,'데이터베이스 수업','<p>ㅇㄴㄹㄴㅇㅁㄻㄴㅇㄹ</p>',307,'2025-03-05 06:19:22','2025-03-05 06:19:22'),(300,2,6,'테스트','<h1>테스트 내용입니다.</h1>',564,'2025-03-05 06:19:22','2025-03-05 06:19:22'),(301,3,6,'ㄻㄴㅇㄹㄴㅁㅇ','<p>ㄻㄴㅇㄻㄴㅇㄻㄴㅇㄹ</p>',901,'2025-03-05 06:19:22','2025-03-05 06:19:22'),(302,3,6,'ㄻㄴㅇㄹㄴㅁㅇ','<p>ㄻㄴㅇㄻㄴㅇㄻㄴㅇㄹ</p>',813,'2025-03-05 06:19:22','2025-03-05 06:19:22'),(303,3,6,'ㄻㄴㅇㄹㄴㅁㅇㅇㄴㄹㅇㄴㅁㄹ','<p>ㄻㄴㅇㄻㄴㅇㄻㄴㅇㄹ</p>',363,'2025-03-05 06:19:22','2025-03-05 06:19:22'),(304,4,6,'자바스크립트','<p>ㅁㄴㅇㅇㅇㅇㅇ</p>',373,'2025-03-05 06:19:22','2025-03-05 06:19:22'),(305,5,6,'리액트 수업내용','<p>ㅁㄴㅇㅇㅇㅇㅇㅇㄻㄴㅇㄴㄹ</p>',775,'2025-03-05 06:19:22','2025-03-05 06:19:22'),(306,4,7,'자바스크립트 수업','<p>ㅇㄴㄹㄴㅇㅁㄻㄴㅇㄹ</p>',756,'2025-03-05 06:19:22','2025-03-05 06:19:22'),(307,6,7,'테스트 글입니다.','<p>ㅇㄴㄹㄴㅇㅁㄻㄴㅇㄹ</p>',454,'2025-03-05 06:19:22','2025-03-05 06:19:22'),(308,7,7,'데이터베이스 수업','<p>ㅇㄴㄹㄴㅇㅁㄻㄴㅇㄹ</p>',4,'2025-03-05 06:19:22','2025-03-05 06:19:22'),(309,2,6,'테스트','<h1>테스트 내용입니다.</h1>',654,'2025-03-05 06:19:22','2025-03-05 06:19:22'),(310,3,6,'ㄻㄴㅇㄹㄴㅁㅇ','<p>ㄻㄴㅇㄻㄴㅇㄻㄴㅇㄹ</p>',260,'2025-03-05 06:19:22','2025-03-05 06:19:22'),(311,3,6,'ㄻㄴㅇㄹㄴㅁㅇ','<p>ㄻㄴㅇㄻㄴㅇㄻㄴㅇㄹ</p>',337,'2025-03-05 06:19:22','2025-03-05 06:19:22'),(312,3,6,'ㄻㄴㅇㄹㄴㅁㅇㅇㄴㄹㅇㄴㅁㄹ','<p>ㄻㄴㅇㄻㄴㅇㄻㄴㅇㄹ</p>',906,'2025-03-05 06:19:22','2025-03-05 06:19:22'),(313,4,6,'자바스크립트','<p>ㅁㄴㅇㅇㅇㅇㅇ</p>',519,'2025-03-05 06:19:22','2025-03-05 06:19:22'),(314,5,6,'리액트 수업내용','<p>ㅁㄴㅇㅇㅇㅇㅇㅇㄻㄴㅇㄴㄹ</p>',876,'2025-03-05 06:19:22','2025-03-05 06:19:22'),(315,4,7,'자바스크립트 수업','<p>ㅇㄴㄹㄴㅇㅁㄻㄴㅇㄹ</p>',822,'2025-03-05 06:19:22','2025-03-05 06:19:22'),(316,6,7,'테스트 글입니다.','<p>ㅇㄴㄹㄴㅇㅁㄻㄴㅇㄹ</p>',479,'2025-03-05 06:19:22','2025-03-05 06:19:22'),(317,7,7,'데이터베이스 수업','<p>ㅇㄴㄹㄴㅇㅁㄻㄴㅇㄹ</p>',932,'2025-03-05 06:19:22','2025-03-05 06:19:22'),(318,2,6,'테스트','<h1>테스트 내용입니다.</h1>',222,'2025-03-05 06:19:22','2025-03-05 06:19:22'),(319,3,6,'ㄻㄴㅇㄹㄴㅁㅇ','<p>ㄻㄴㅇㄻㄴㅇㄻㄴㅇㄹ</p>',313,'2025-03-05 06:19:22','2025-03-05 06:19:22'),(320,3,6,'ㄻㄴㅇㄹㄴㅁㅇ','<p>ㄻㄴㅇㄻㄴㅇㄻㄴㅇㄹ</p>',897,'2025-03-05 06:19:22','2025-03-05 06:19:22'),(321,3,6,'ㄻㄴㅇㄹㄴㅁㅇㅇㄴㄹㅇㄴㅁㄹ','<p>ㄻㄴㅇㄻㄴㅇㄻㄴㅇㄹ</p>',546,'2025-03-05 06:19:22','2025-03-05 06:19:22'),(322,4,6,'자바스크립트','<p>ㅁㄴㅇㅇㅇㅇㅇ</p>',37,'2025-03-05 06:19:22','2025-03-05 06:19:22'),(323,5,6,'리액트 수업내용','<p>ㅁㄴㅇㅇㅇㅇㅇㅇㄻㄴㅇㄴㄹ</p>',548,'2025-03-05 06:19:22','2025-03-05 06:19:22'),(324,4,7,'자바스크립트 수업','<p>ㅇㄴㄹㄴㅇㅁㄻㄴㅇㄹ</p>',628,'2025-03-05 06:19:22','2025-03-05 06:19:22'),(325,6,7,'테스트 글입니다.','<p>ㅇㄴㄹㄴㅇㅁㄻㄴㅇㄹ</p>',497,'2025-03-05 06:19:22','2025-03-05 06:19:22'),(326,7,7,'데이터베이스 수업','<p>ㅇㄴㄹㄴㅇㅁㄻㄴㅇㄹ</p>',598,'2025-03-05 06:19:22','2025-03-05 06:19:22'),(327,2,6,'테스트','<h1>테스트 내용입니다.</h1>',501,'2025-03-05 06:19:22','2025-03-05 06:19:22'),(328,3,6,'ㄻㄴㅇㄹㄴㅁㅇ','<p>ㄻㄴㅇㄻㄴㅇㄻㄴㅇㄹ</p>',711,'2025-03-05 06:19:22','2025-03-05 06:19:22'),(329,3,6,'ㄻㄴㅇㄹㄴㅁㅇ','<p>ㄻㄴㅇㄻㄴㅇㄻㄴㅇㄹ</p>',52,'2025-03-05 06:19:22','2025-03-05 06:19:22'),(330,3,6,'ㄻㄴㅇㄹㄴㅁㅇㅇㄴㄹㅇㄴㅁㄹ','<p>ㄻㄴㅇㄻㄴㅇㄻㄴㅇㄹ</p>',124,'2025-03-05 06:19:22','2025-03-05 06:19:22'),(331,4,6,'자바스크립트','<p>ㅁㄴㅇㅇㅇㅇㅇ</p>',465,'2025-03-05 06:19:22','2025-03-05 06:19:22'),(332,5,6,'리액트 수업내용','<p>ㅁㄴㅇㅇㅇㅇㅇㅇㄻㄴㅇㄴㄹ</p>',952,'2025-03-05 06:19:22','2025-03-05 06:19:22'),(333,4,7,'자바스크립트 수업','<p>ㅇㄴㄹㄴㅇㅁㄻㄴㅇㄹ</p>',363,'2025-03-05 06:19:22','2025-03-05 06:19:22'),(334,6,7,'테스트 글입니다.','<p>ㅇㄴㄹㄴㅇㅁㄻㄴㅇㄹ</p>',960,'2025-03-05 06:19:22','2025-03-05 06:19:22'),(335,7,7,'데이터베이스 수업','<p>ㅇㄴㄹㄴㅇㅁㄻㄴㅇㄹ</p>',712,'2025-03-05 06:19:22','2025-03-05 06:19:22'),(336,2,6,'테스트','<h1>테스트 내용입니다.</h1>',680,'2025-03-05 06:19:22','2025-03-05 06:19:22'),(337,3,6,'ㄻㄴㅇㄹㄴㅁㅇ','<p>ㄻㄴㅇㄻㄴㅇㄻㄴㅇㄹ</p>',261,'2025-03-05 06:19:22','2025-03-05 06:19:22'),(338,3,6,'ㄻㄴㅇㄹㄴㅁㅇ','<p>ㄻㄴㅇㄻㄴㅇㄻㄴㅇㄹ</p>',266,'2025-03-05 06:19:22','2025-03-05 06:19:22'),(339,3,6,'ㄻㄴㅇㄹㄴㅁㅇㅇㄴㄹㅇㄴㅁㄹ','<p>ㄻㄴㅇㄻㄴㅇㄻㄴㅇㄹ</p>',544,'2025-03-05 06:19:22','2025-03-05 06:19:22'),(340,4,6,'자바스크립트','<p>ㅁㄴㅇㅇㅇㅇㅇ</p>',924,'2025-03-05 06:19:22','2025-03-05 06:19:22'),(341,5,6,'리액트 수업내용','<p>ㅁㄴㅇㅇㅇㅇㅇㅇㄻㄴㅇㄴㄹ</p>',987,'2025-03-05 06:19:22','2025-03-05 06:19:22'),(342,4,7,'자바스크립트 수업','<p>ㅇㄴㄹㄴㅇㅁㄻㄴㅇㄹ</p>',163,'2025-03-05 06:19:22','2025-03-05 06:19:22'),(343,6,7,'테스트 글입니다.','<p>ㅇㄴㄹㄴㅇㅁㄻㄴㅇㄹ</p>',851,'2025-03-05 06:19:22','2025-03-05 06:19:22'),(344,7,7,'데이터베이스 수업','<p>ㅇㄴㄹㄴㅇㅁㄻㄴㅇㄹ</p>',767,'2025-03-05 06:19:22','2025-03-05 06:19:22'),(345,2,6,'테스트','<h1>테스트 내용입니다.</h1>',283,'2025-03-05 06:19:22','2025-03-05 06:19:22'),(346,3,6,'ㄻㄴㅇㄹㄴㅁㅇ','<p>ㄻㄴㅇㄻㄴㅇㄻㄴㅇㄹ</p>',113,'2025-03-05 06:19:22','2025-03-05 06:19:22'),(347,3,6,'ㄻㄴㅇㄹㄴㅁㅇ','<p>ㄻㄴㅇㄻㄴㅇㄻㄴㅇㄹ</p>',714,'2025-03-05 06:19:22','2025-03-05 06:19:22'),(348,3,6,'ㄻㄴㅇㄹㄴㅁㅇㅇㄴㄹㅇㄴㅁㄹ','<p>ㄻㄴㅇㄻㄴㅇㄻㄴㅇㄹ</p>',229,'2025-03-05 06:19:22','2025-03-05 06:19:22'),(349,4,6,'자바스크립트','<p>ㅁㄴㅇㅇㅇㅇㅇ</p>',5,'2025-03-05 06:19:22','2025-03-05 06:19:22'),(350,5,6,'리액트 수업내용','<p>ㅁㄴㅇㅇㅇㅇㅇㅇㄻㄴㅇㄴㄹ</p>',337,'2025-03-05 06:19:22','2025-03-05 06:19:22'),(351,4,7,'자바스크립트 수업','<p>ㅇㄴㄹㄴㅇㅁㄻㄴㅇㄹ</p>',671,'2025-03-05 06:19:22','2025-03-05 06:19:22'),(352,6,7,'테스트 글입니다.','<p>ㅇㄴㄹㄴㅇㅁㄻㄴㅇㄹ</p>',342,'2025-03-05 06:19:22','2025-03-05 06:19:22'),(353,7,7,'데이터베이스 수업','<p>ㅇㄴㄹㄴㅇㅁㄻㄴㅇㄹ</p>',698,'2025-03-05 06:19:22','2025-03-05 06:19:22'),(354,2,6,'테스트','<h1>테스트 내용입니다.</h1>',462,'2025-03-05 06:19:22','2025-03-05 06:19:22'),(355,3,6,'ㄻㄴㅇㄹㄴㅁㅇ','<p>ㄻㄴㅇㄻㄴㅇㄻㄴㅇㄹ</p>',217,'2025-03-05 06:19:22','2025-03-05 06:19:22'),(356,3,6,'ㄻㄴㅇㄹㄴㅁㅇ','<p>ㄻㄴㅇㄻㄴㅇㄻㄴㅇㄹ</p>',698,'2025-03-05 06:19:22','2025-03-05 06:19:22'),(357,3,6,'ㄻㄴㅇㄹㄴㅁㅇㅇㄴㄹㅇㄴㅁㄹ','<p>ㄻㄴㅇㄻㄴㅇㄻㄴㅇㄹ</p>',838,'2025-03-05 06:19:22','2025-03-05 06:19:22'),(358,4,6,'자바스크립트','<p>ㅁㄴㅇㅇㅇㅇㅇ</p>',95,'2025-03-05 06:19:22','2025-03-05 06:19:22'),(359,5,6,'리액트 수업내용','<p>ㅁㄴㅇㅇㅇㅇㅇㅇㄻㄴㅇㄴㄹ</p>',963,'2025-03-05 06:19:22','2025-03-05 06:19:22'),(360,4,7,'자바스크립트 수업','<p>ㅇㄴㄹㄴㅇㅁㄻㄴㅇㄹ</p>',528,'2025-03-05 06:19:22','2025-03-05 06:19:22'),(361,6,7,'테스트 글입니다.','<p>ㅇㄴㄹㄴㅇㅁㄻㄴㅇㄹ</p>',750,'2025-03-05 06:19:22','2025-03-05 06:19:22'),(362,7,7,'데이터베이스 수업','<p>ㅇㄴㄹㄴㅇㅁㄻㄴㅇㄹ</p>',166,'2025-03-05 06:19:22','2025-03-05 06:19:22'),(363,2,6,'테스트','<h1>테스트 내용입니다.</h1>',578,'2025-03-05 06:19:22','2025-03-05 06:19:22'),(364,3,6,'ㄻㄴㅇㄹㄴㅁㅇ','<p>ㄻㄴㅇㄻㄴㅇㄻㄴㅇㄹ</p>',394,'2025-03-05 06:19:22','2025-03-05 06:19:22'),(365,3,6,'ㄻㄴㅇㄹㄴㅁㅇ','<p>ㄻㄴㅇㄻㄴㅇㄻㄴㅇㄹ</p>',235,'2025-03-05 06:19:22','2025-03-05 06:19:22'),(366,3,6,'ㄻㄴㅇㄹㄴㅁㅇㅇㄴㄹㅇㄴㅁㄹ','<p>ㄻㄴㅇㄻㄴㅇㄻㄴㅇㄹ</p>',991,'2025-03-05 06:19:22','2025-03-05 06:19:22'),(367,4,6,'자바스크립트','<p>ㅁㄴㅇㅇㅇㅇㅇ</p>',252,'2025-03-05 06:19:22','2025-03-05 06:19:22'),(368,5,6,'리액트 수업내용','<p>ㅁㄴㅇㅇㅇㅇㅇㅇㄻㄴㅇㄴㄹ</p>',285,'2025-03-05 06:19:22','2025-03-05 06:19:22'),(369,4,7,'자바스크립트 수업','<p>ㅇㄴㄹㄴㅇㅁㄻㄴㅇㄹ</p>',669,'2025-03-05 06:19:22','2025-03-05 06:19:22'),(370,6,7,'테스트 글입니다.','<p>ㅇㄴㄹㄴㅇㅁㄻㄴㅇㄹ</p>',490,'2025-03-05 06:19:22','2025-03-05 06:19:22'),(371,7,7,'데이터베이스 수업','<p>ㅇㄴㄹㄴㅇㅁㄻㄴㅇㄹ</p>',444,'2025-03-05 06:19:22','2025-03-05 06:19:22'),(372,2,6,'테스트','<h1>테스트 내용입니다.</h1>',747,'2025-03-05 06:19:22','2025-03-05 06:19:22'),(373,3,6,'ㄻㄴㅇㄹㄴㅁㅇ','<p>ㄻㄴㅇㄻㄴㅇㄻㄴㅇㄹ</p>',402,'2025-03-05 06:19:22','2025-03-05 06:19:22'),(374,3,6,'ㄻㄴㅇㄹㄴㅁㅇ','<p>ㄻㄴㅇㄻㄴㅇㄻㄴㅇㄹ</p>',768,'2025-03-05 06:19:22','2025-03-05 06:19:22'),(375,3,6,'ㄻㄴㅇㄹㄴㅁㅇㅇㄴㄹㅇㄴㅁㄹ','<p>ㄻㄴㅇㄻㄴㅇㄻㄴㅇㄹ</p>',637,'2025-03-05 06:19:22','2025-03-05 06:19:22'),(376,4,6,'자바스크립트','<p>ㅁㄴㅇㅇㅇㅇㅇ</p>',877,'2025-03-05 06:19:22','2025-03-05 06:19:22'),(377,5,6,'리액트 수업내용','<p>ㅁㄴㅇㅇㅇㅇㅇㅇㄻㄴㅇㄴㄹ</p>',473,'2025-03-05 06:19:22','2025-03-05 06:19:22'),(378,4,7,'자바스크립트 수업','<p>ㅇㄴㄹㄴㅇㅁㄻㄴㅇㄹ</p>',735,'2025-03-05 06:19:22','2025-03-05 06:19:22'),(379,6,7,'테스트 글입니다.','<p>ㅇㄴㄹㄴㅇㅁㄻㄴㅇㄹ</p>',255,'2025-03-05 06:19:22','2025-03-05 06:19:22'),(380,7,7,'데이터베이스 수업','<p>ㅇㄴㄹㄴㅇㅁㄻㄴㅇㄹ</p>',69,'2025-03-05 06:19:22','2025-03-05 06:19:22'),(381,2,6,'테스트','<h1>테스트 내용입니다.</h1>',578,'2025-03-05 06:19:22','2025-03-05 06:19:22'),(382,3,6,'ㄻㄴㅇㄹㄴㅁㅇ','<p>ㄻㄴㅇㄻㄴㅇㄻㄴㅇㄹ</p>',684,'2025-03-05 06:19:22','2025-03-05 06:19:22'),(383,3,6,'ㄻㄴㅇㄹㄴㅁㅇ','<p>ㄻㄴㅇㄻㄴㅇㄻㄴㅇㄹ</p>',684,'2025-03-05 06:19:22','2025-03-05 06:19:22'),(384,3,6,'ㄻㄴㅇㄹㄴㅁㅇㅇㄴㄹㅇㄴㅁㄹ','<p>ㄻㄴㅇㄻㄴㅇㄻㄴㅇㄹ</p>',369,'2025-03-05 06:19:22','2025-03-05 06:19:22'),(385,4,6,'자바스크립트','<p>ㅁㄴㅇㅇㅇㅇㅇ</p>',792,'2025-03-05 06:19:22','2025-03-05 06:19:22'),(386,5,6,'리액트 수업내용','<p>ㅁㄴㅇㅇㅇㅇㅇㅇㄻㄴㅇㄴㄹ</p>',851,'2025-03-05 06:19:22','2025-03-05 06:19:22'),(387,4,7,'자바스크립트 수업','<p>ㅇㄴㄹㄴㅇㅁㄻㄴㅇㄹ</p>',879,'2025-03-05 06:19:22','2025-03-05 06:19:22'),(388,6,7,'테스트 글입니다.','<p>ㅇㄴㄹㄴㅇㅁㄻㄴㅇㄹ</p>',842,'2025-03-05 06:19:22','2025-03-05 06:19:22'),(389,7,7,'데이터베이스 수업','<p>ㅇㄴㄹㄴㅇㅁㄻㄴㅇㄹ</p>',572,'2025-03-05 06:19:22','2025-03-05 06:19:22'),(501,2,6,'테스트','<h1>테스트 내용입니다.</h1>',333,'2025-03-05 06:19:22','2025-03-05 06:19:22'),(502,3,6,'ㄻㄴㅇㄹㄴㅁㅇ','<p>ㄻㄴㅇㄻㄴㅇㄻㄴㅇㄹ</p>',951,'2025-03-05 06:19:22','2025-03-05 06:19:22'),(503,3,6,'ㄻㄴㅇㄹㄴㅁㅇ','<p>ㄻㄴㅇㄻㄴㅇㄻㄴㅇㄹ</p>',755,'2025-03-05 06:19:22','2025-03-05 06:19:22'),(504,3,6,'ㄻㄴㅇㄹㄴㅁㅇㅇㄴㄹㅇㄴㅁㄹ','<p>ㄻㄴㅇㄻㄴㅇㄻㄴㅇㄹ</p>',919,'2025-03-05 06:19:22','2025-03-05 06:19:22'),(505,4,6,'자바스크립트','<p>ㅁㄴㅇㅇㅇㅇㅇ</p>',333,'2025-03-05 06:19:22','2025-03-05 06:19:22'),(506,5,6,'리액트 수업내용','<p>ㅁㄴㅇㅇㅇㅇㅇㅇㄻㄴㅇㄴㄹ</p>',905,'2025-03-05 06:19:22','2025-03-05 06:19:22'),(507,4,7,'자바스크립트 수업','<p>ㅇㄴㄹㄴㅇㅁㄻㄴㅇㄹ</p>',528,'2025-03-05 06:19:22','2025-03-05 06:19:22'),(508,6,7,'테스트 글입니다.','<p>ㅇㄴㄹㄴㅇㅁㄻㄴㅇㄹ</p>',924,'2025-03-05 06:19:22','2025-03-05 06:19:22'),(509,7,7,'데이터베이스 수업','<p>ㅇㄴㄹㄴㅇㅁㄻㄴㅇㄹ</p>',34,'2025-03-05 06:19:22','2025-03-05 06:19:22'),(510,2,6,'테스트','<h1>테스트 내용입니다.</h1>',398,'2025-03-05 06:19:22','2025-03-05 06:19:22'),(511,3,6,'ㄻㄴㅇㄹㄴㅁㅇ','<p>ㄻㄴㅇㄻㄴㅇㄻㄴㅇㄹ</p>',889,'2025-03-05 06:19:22','2025-03-05 06:19:22'),(512,3,6,'ㄻㄴㅇㄹㄴㅁㅇ','<p>ㄻㄴㅇㄻㄴㅇㄻㄴㅇㄹ</p>',248,'2025-03-05 06:19:22','2025-03-05 06:19:22'),(513,3,6,'ㄻㄴㅇㄹㄴㅁㅇㅇㄴㄹㅇㄴㅁㄹ','<p>ㄻㄴㅇㄻㄴㅇㄻㄴㅇㄹ</p>',576,'2025-03-05 06:19:22','2025-03-05 06:19:22'),(514,4,6,'자바스크립트','<p>ㅁㄴㅇㅇㅇㅇㅇ</p>',132,'2025-03-05 06:19:22','2025-03-05 06:19:22'),(515,5,6,'리액트 수업내용','<p>ㅁㄴㅇㅇㅇㅇㅇㅇㄻㄴㅇㄴㄹ</p>',933,'2025-03-05 06:19:22','2025-03-05 06:19:22'),(516,4,7,'자바스크립트 수업','<p>ㅇㄴㄹㄴㅇㅁㄻㄴㅇㄹ</p>',269,'2025-03-05 06:19:22','2025-03-05 06:19:22'),(517,6,7,'테스트 글입니다.','<p>ㅇㄴㄹㄴㅇㅁㄻㄴㅇㄹ</p>',545,'2025-03-05 06:19:22','2025-03-05 06:19:22'),(518,7,7,'데이터베이스 수업','<p>ㅇㄴㄹㄴㅇㅁㄻㄴㅇㄹ</p>',920,'2025-03-05 06:19:22','2025-03-05 06:19:22'),(519,2,6,'테스트','<h1>테스트 내용입니다.</h1>',961,'2025-03-05 06:19:22','2025-03-05 06:19:22'),(520,3,6,'ㄻㄴㅇㄹㄴㅁㅇ','<p>ㄻㄴㅇㄻㄴㅇㄻㄴㅇㄹ</p>',45,'2025-03-05 06:19:22','2025-03-05 06:19:22'),(521,3,6,'ㄻㄴㅇㄹㄴㅁㅇ','<p>ㄻㄴㅇㄻㄴㅇㄻㄴㅇㄹ</p>',341,'2025-03-05 06:19:22','2025-03-05 06:19:22'),(522,3,6,'ㄻㄴㅇㄹㄴㅁㅇㅇㄴㄹㅇㄴㅁㄹ','<p>ㄻㄴㅇㄻㄴㅇㄻㄴㅇㄹ</p>',569,'2025-03-05 06:19:22','2025-03-05 06:19:22'),(523,4,6,'자바스크립트','<p>ㅁㄴㅇㅇㅇㅇㅇ</p>',822,'2025-03-05 06:19:22','2025-03-05 06:19:22'),(524,5,6,'리액트 수업내용','<p>ㅁㄴㅇㅇㅇㅇㅇㅇㄻㄴㅇㄴㄹ</p>',402,'2025-03-05 06:19:22','2025-03-05 06:19:22'),(525,4,7,'자바스크립트 수업','<p>ㅇㄴㄹㄴㅇㅁㄻㄴㅇㄹ</p>',543,'2025-03-05 06:19:22','2025-03-05 06:19:22'),(526,6,7,'테스트 글입니다.','<p>ㅇㄴㄹㄴㅇㅁㄻㄴㅇㄹ</p>',509,'2025-03-05 06:19:22','2025-03-05 06:19:22'),(527,7,7,'데이터베이스 수업','<p>ㅇㄴㄹㄴㅇㅁㄻㄴㅇㄹ</p>',914,'2025-03-05 06:19:22','2025-03-05 06:19:22'),(528,2,6,'테스트','<h1>테스트 내용입니다.</h1>',45,'2025-03-05 06:19:22','2025-03-05 06:19:22'),(529,3,6,'ㄻㄴㅇㄹㄴㅁㅇ','<p>ㄻㄴㅇㄻㄴㅇㄻㄴㅇㄹ</p>',483,'2025-03-05 06:19:22','2025-03-05 06:19:22'),(530,3,6,'ㄻㄴㅇㄹㄴㅁㅇ','<p>ㄻㄴㅇㄻㄴㅇㄻㄴㅇㄹ</p>',279,'2025-03-05 06:19:22','2025-03-05 06:19:22'),(531,3,6,'ㄻㄴㅇㄹㄴㅁㅇㅇㄴㄹㅇㄴㅁㄹ','<p>ㄻㄴㅇㄻㄴㅇㄻㄴㅇㄹ</p>',946,'2025-03-05 06:19:22','2025-03-05 06:19:22'),(532,4,6,'자바스크립트','<p>ㅁㄴㅇㅇㅇㅇㅇ</p>',891,'2025-03-05 06:19:22','2025-03-05 06:19:22'),(533,5,6,'리액트 수업내용','<p>ㅁㄴㅇㅇㅇㅇㅇㅇㄻㄴㅇㄴㄹ</p>',618,'2025-03-05 06:19:22','2025-03-05 06:19:22'),(534,4,7,'자바스크립트 수업','<p>ㅇㄴㄹㄴㅇㅁㄻㄴㅇㄹ</p>',416,'2025-03-05 06:19:22','2025-03-05 06:19:22'),(535,6,7,'테스트 글입니다.','<p>ㅇㄴㄹㄴㅇㅁㄻㄴㅇㄹ</p>',226,'2025-03-05 06:19:22','2025-03-05 06:19:22'),(536,7,7,'데이터베이스 수업','<p>ㅇㄴㄹㄴㅇㅁㄻㄴㅇㄹ</p>',881,'2025-03-05 06:19:22','2025-03-05 06:19:22'),(537,2,6,'테스트','<h1>테스트 내용입니다.</h1>',727,'2025-03-05 06:19:22','2025-03-05 06:19:22'),(538,3,6,'ㄻㄴㅇㄹㄴㅁㅇ','<p>ㄻㄴㅇㄻㄴㅇㄻㄴㅇㄹ</p>',991,'2025-03-05 06:19:22','2025-03-05 06:19:22'),(539,3,6,'ㄻㄴㅇㄹㄴㅁㅇ','<p>ㄻㄴㅇㄻㄴㅇㄻㄴㅇㄹ</p>',773,'2025-03-05 06:19:22','2025-03-05 06:19:22'),(540,3,6,'ㄻㄴㅇㄹㄴㅁㅇㅇㄴㄹㅇㄴㅁㄹ','<p>ㄻㄴㅇㄻㄴㅇㄻㄴㅇㄹ</p>',893,'2025-03-05 06:19:22','2025-03-05 06:19:22'),(541,4,6,'자바스크립트','<p>ㅁㄴㅇㅇㅇㅇㅇ</p>',144,'2025-03-05 06:19:22','2025-03-05 06:19:22'),(542,5,6,'리액트 수업내용','<p>ㅁㄴㅇㅇㅇㅇㅇㅇㄻㄴㅇㄴㄹ</p>',42,'2025-03-05 06:19:22','2025-03-05 06:19:22'),(543,4,7,'자바스크립트 수업','<p>ㅇㄴㄹㄴㅇㅁㄻㄴㅇㄹ</p>',778,'2025-03-05 06:19:22','2025-03-05 06:19:22'),(544,6,7,'테스트 글입니다.','<p>ㅇㄴㄹㄴㅇㅁㄻㄴㅇㄹ</p>',763,'2025-03-05 06:19:22','2025-03-05 06:19:22'),(545,7,7,'데이터베이스 수업','<p>ㅇㄴㄹㄴㅇㅁㄻㄴㅇㄹ</p>',482,'2025-03-05 06:19:22','2025-03-05 06:19:22'),(546,2,6,'테스트','<h1>테스트 내용입니다.</h1>',121,'2025-03-05 06:19:22','2025-03-05 06:19:22'),(547,3,6,'ㄻㄴㅇㄹㄴㅁㅇ','<p>ㄻㄴㅇㄻㄴㅇㄻㄴㅇㄹ</p>',156,'2025-03-05 06:19:22','2025-03-05 06:19:22'),(548,3,6,'ㄻㄴㅇㄹㄴㅁㅇ','<p>ㄻㄴㅇㄻㄴㅇㄻㄴㅇㄹ</p>',417,'2025-03-05 06:19:22','2025-03-05 06:19:22'),(549,3,6,'ㄻㄴㅇㄹㄴㅁㅇㅇㄴㄹㅇㄴㅁㄹ','<p>ㄻㄴㅇㄻㄴㅇㄻㄴㅇㄹ</p>',617,'2025-03-05 06:19:22','2025-03-05 06:19:22'),(550,4,6,'자바스크립트','<p>ㅁㄴㅇㅇㅇㅇㅇ</p>',832,'2025-03-05 06:19:22','2025-03-05 06:19:22'),(551,5,6,'리액트 수업내용','<p>ㅁㄴㅇㅇㅇㅇㅇㅇㄻㄴㅇㄴㄹ</p>',308,'2025-03-05 06:19:22','2025-03-05 06:19:22'),(552,4,7,'자바스크립트 수업','<p>ㅇㄴㄹㄴㅇㅁㄻㄴㅇㄹ</p>',44,'2025-03-05 06:19:22','2025-03-05 06:19:22'),(553,6,7,'테스트 글입니다.','<p>ㅇㄴㄹㄴㅇㅁㄻㄴㅇㄹ</p>',298,'2025-03-05 06:19:22','2025-03-05 06:19:22'),(554,7,7,'데이터베이스 수업','<p>ㅇㄴㄹㄴㅇㅁㄻㄴㅇㄹ</p>',355,'2025-03-05 06:19:22','2025-03-05 06:19:22'),(555,2,6,'테스트','<h1>테스트 내용입니다.</h1>',880,'2025-03-05 06:19:22','2025-03-05 06:19:22'),(556,3,6,'ㄻㄴㅇㄹㄴㅁㅇ','<p>ㄻㄴㅇㄻㄴㅇㄻㄴㅇㄹ</p>',335,'2025-03-05 06:19:22','2025-03-05 06:19:22'),(557,3,6,'ㄻㄴㅇㄹㄴㅁㅇ','<p>ㄻㄴㅇㄻㄴㅇㄻㄴㅇㄹ</p>',34,'2025-03-05 06:19:22','2025-03-05 06:19:22'),(558,3,6,'ㄻㄴㅇㄹㄴㅁㅇㅇㄴㄹㅇㄴㅁㄹ','<p>ㄻㄴㅇㄻㄴㅇㄻㄴㅇㄹ</p>',164,'2025-03-05 06:19:22','2025-03-05 06:19:22'),(559,4,6,'자바스크립트','<p>ㅁㄴㅇㅇㅇㅇㅇ</p>',719,'2025-03-05 06:19:22','2025-03-05 06:19:22'),(560,5,6,'리액트 수업내용','<p>ㅁㄴㅇㅇㅇㅇㅇㅇㄻㄴㅇㄴㄹ</p>',102,'2025-03-05 06:19:22','2025-03-05 06:19:22'),(561,4,7,'자바스크립트 수업','<p>ㅇㄴㄹㄴㅇㅁㄻㄴㅇㄹ</p>',352,'2025-03-05 06:19:22','2025-03-05 06:19:22'),(562,6,7,'테스트 글입니다.','<p>ㅇㄴㄹㄴㅇㅁㄻㄴㅇㄹ</p>',452,'2025-03-05 06:19:22','2025-03-05 06:19:22'),(563,7,7,'데이터베이스 수업','<p>ㅇㄴㄹㄴㅇㅁㄻㄴㅇㄹ</p>',204,'2025-03-05 06:19:22','2025-03-05 06:19:22'),(564,2,6,'테스트','<h1>테스트 내용입니다.</h1>',663,'2025-03-05 06:19:22','2025-03-05 06:19:22'),(565,3,6,'ㄻㄴㅇㄹㄴㅁㅇ','<p>ㄻㄴㅇㄻㄴㅇㄻㄴㅇㄹ</p>',703,'2025-03-05 06:19:22','2025-03-05 06:19:22'),(566,3,6,'ㄻㄴㅇㄹㄴㅁㅇ','<p>ㄻㄴㅇㄻㄴㅇㄻㄴㅇㄹ</p>',524,'2025-03-05 06:19:22','2025-03-05 06:19:22'),(567,3,6,'ㄻㄴㅇㄹㄴㅁㅇㅇㄴㄹㅇㄴㅁㄹ','<p>ㄻㄴㅇㄻㄴㅇㄻㄴㅇㄹ</p>',511,'2025-03-05 06:19:22','2025-03-05 06:19:22'),(568,4,6,'자바스크립트','<p>ㅁㄴㅇㅇㅇㅇㅇ</p>',985,'2025-03-05 06:19:22','2025-03-05 06:19:22'),(569,5,6,'리액트 수업내용','<p>ㅁㄴㅇㅇㅇㅇㅇㅇㄻㄴㅇㄴㄹ</p>',388,'2025-03-05 06:19:22','2025-03-05 06:19:22'),(570,4,7,'자바스크립트 수업','<p>ㅇㄴㄹㄴㅇㅁㄻㄴㅇㄹ</p>',986,'2025-03-05 06:19:22','2025-03-05 06:19:22'),(571,6,7,'테스트 글입니다.','<p>ㅇㄴㄹㄴㅇㅁㄻㄴㅇㄹ</p>',764,'2025-03-05 06:19:22','2025-03-05 06:19:22'),(572,7,7,'데이터베이스 수업','<p>ㅇㄴㄹㄴㅇㅁㄻㄴㅇㄹ</p>',864,'2025-03-05 06:19:22','2025-03-05 06:19:22'),(573,2,6,'테스트','<h1>테스트 내용입니다.</h1>',26,'2025-03-05 06:19:22','2025-03-05 06:19:22'),(574,3,6,'ㄻㄴㅇㄹㄴㅁㅇ','<p>ㄻㄴㅇㄻㄴㅇㄻㄴㅇㄹ</p>',536,'2025-03-05 06:19:22','2025-03-05 06:19:22'),(575,3,6,'ㄻㄴㅇㄹㄴㅁㅇ','<p>ㄻㄴㅇㄻㄴㅇㄻㄴㅇㄹ</p>',604,'2025-03-05 06:19:22','2025-03-05 06:19:22'),(576,3,6,'ㄻㄴㅇㄹㄴㅁㅇㅇㄴㄹㅇㄴㅁㄹ','<p>ㄻㄴㅇㄻㄴㅇㄻㄴㅇㄹ</p>',413,'2025-03-05 06:19:22','2025-03-05 06:19:22'),(577,4,6,'자바스크립트','<p>ㅁㄴㅇㅇㅇㅇㅇ</p>',249,'2025-03-05 06:19:22','2025-03-05 06:19:22'),(578,5,6,'리액트 수업내용','<p>ㅁㄴㅇㅇㅇㅇㅇㅇㄻㄴㅇㄴㄹ</p>',6,'2025-03-05 06:19:22','2025-03-05 06:19:22'),(579,4,7,'자바스크립트 수업','<p>ㅇㄴㄹㄴㅇㅁㄻㄴㅇㄹ</p>',283,'2025-03-05 06:19:22','2025-03-05 06:19:22'),(580,6,7,'테스트 글입니다.','<p>ㅇㄴㄹㄴㅇㅁㄻㄴㅇㄹ</p>',396,'2025-03-05 06:19:22','2025-03-05 06:19:22'),(581,7,7,'데이터베이스 수업','<p>ㅇㄴㄹㄴㅇㅁㄻㄴㅇㄹ</p>',132,'2025-03-05 06:19:22','2025-03-05 06:19:22'),(582,2,6,'테스트','<h1>테스트 내용입니다.</h1>',471,'2025-03-05 06:19:22','2025-03-05 06:19:22'),(583,3,6,'ㄻㄴㅇㄹㄴㅁㅇ','<p>ㄻㄴㅇㄻㄴㅇㄻㄴㅇㄹ</p>',958,'2025-03-05 06:19:22','2025-03-05 06:19:22'),(584,3,6,'ㄻㄴㅇㄹㄴㅁㅇ','<p>ㄻㄴㅇㄻㄴㅇㄻㄴㅇㄹ</p>',377,'2025-03-05 06:19:22','2025-03-05 06:19:22'),(585,3,6,'ㄻㄴㅇㄹㄴㅁㅇㅇㄴㄹㅇㄴㅁㄹ','<p>ㄻㄴㅇㄻㄴㅇㄻㄴㅇㄹ</p>',11,'2025-03-05 06:19:22','2025-03-05 06:19:22'),(586,4,6,'자바스크립트','<p>ㅁㄴㅇㅇㅇㅇㅇ</p>',922,'2025-03-05 06:19:22','2025-03-05 06:19:22'),(587,5,6,'리액트 수업내용','<p>ㅁㄴㅇㅇㅇㅇㅇㅇㄻㄴㅇㄴㄹ</p>',578,'2025-03-05 06:19:22','2025-03-05 06:19:22'),(588,4,7,'자바스크립트 수업','<p>ㅇㄴㄹㄴㅇㅁㄻㄴㅇㄹ</p>',122,'2025-03-05 06:19:22','2025-03-05 06:19:22'),(589,6,7,'테스트 글입니다.','<p>ㅇㄴㄹㄴㅇㅁㄻㄴㅇㄹ</p>',877,'2025-03-05 06:19:22','2025-03-05 06:19:22'),(590,7,7,'데이터베이스 수업','<p>ㅇㄴㄹㄴㅇㅁㄻㄴㅇㄹ</p>',18,'2025-03-05 06:19:22','2025-03-05 06:19:22'),(591,2,6,'테스트','<h1>테스트 내용입니다.</h1>',460,'2025-03-05 06:19:22','2025-03-05 06:19:22'),(592,3,6,'ㄻㄴㅇㄹㄴㅁㅇ','<p>ㄻㄴㅇㄻㄴㅇㄻㄴㅇㄹ</p>',246,'2025-03-05 06:19:22','2025-03-05 06:19:22'),(593,3,6,'ㄻㄴㅇㄹㄴㅁㅇ','<p>ㄻㄴㅇㄻㄴㅇㄻㄴㅇㄹ</p>',847,'2025-03-05 06:19:22','2025-03-05 06:19:22'),(594,3,6,'ㄻㄴㅇㄹㄴㅁㅇㅇㄴㄹㅇㄴㅁㄹ','<p>ㄻㄴㅇㄻㄴㅇㄻㄴㅇㄹ</p>',497,'2025-03-05 06:19:22','2025-03-05 06:19:22'),(595,4,6,'자바스크립트','<p>ㅁㄴㅇㅇㅇㅇㅇ</p>',943,'2025-03-05 06:19:22','2025-03-05 06:19:22'),(596,5,6,'리액트 수업내용','<p>ㅁㄴㅇㅇㅇㅇㅇㅇㄻㄴㅇㄴㄹ</p>',225,'2025-03-05 06:19:22','2025-03-05 06:19:22'),(597,4,7,'자바스크립트 수업','<p>ㅇㄴㄹㄴㅇㅁㄻㄴㅇㄹ</p>',296,'2025-03-05 06:19:22','2025-03-05 06:19:22'),(598,6,7,'테스트 글입니다.','<p>ㅇㄴㄹㄴㅇㅁㄻㄴㅇㄹ</p>',803,'2025-03-05 06:19:22','2025-03-05 06:19:22'),(599,7,7,'데이터베이스 수업','<p>ㅇㄴㄹㄴㅇㅁㄻㄴㅇㄹ</p>',125,'2025-03-05 06:19:22','2025-03-05 06:19:22'),(600,2,6,'테스트','<h1>테스트 내용입니다.</h1>',216,'2025-03-05 06:19:22','2025-03-05 06:19:22'),(601,3,6,'ㄻㄴㅇㄹㄴㅁㅇ','<p>ㄻㄴㅇㄻㄴㅇㄻㄴㅇㄹ</p>',707,'2025-03-05 06:19:22','2025-03-05 06:19:22'),(602,3,6,'ㄻㄴㅇㄹㄴㅁㅇ','<p>ㄻㄴㅇㄻㄴㅇㄻㄴㅇㄹ</p>',886,'2025-03-05 06:19:22','2025-03-05 06:19:22'),(603,3,6,'ㄻㄴㅇㄹㄴㅁㅇㅇㄴㄹㅇㄴㅁㄹ','<p>ㄻㄴㅇㄻㄴㅇㄻㄴㅇㄹ</p>',308,'2025-03-05 06:19:22','2025-03-05 06:19:22'),(604,4,6,'자바스크립트','<p>ㅁㄴㅇㅇㅇㅇㅇ</p>',882,'2025-03-05 06:19:22','2025-03-05 06:19:22'),(605,5,6,'리액트 수업내용','<p>ㅁㄴㅇㅇㅇㅇㅇㅇㄻㄴㅇㄴㄹ</p>',486,'2025-03-05 06:19:22','2025-03-05 06:19:22'),(606,4,7,'자바스크립트 수업','<p>ㅇㄴㄹㄴㅇㅁㄻㄴㅇㄹ</p>',783,'2025-03-05 06:19:22','2025-03-05 06:19:22'),(607,6,7,'테스트 글입니다.','<p>ㅇㄴㄹㄴㅇㅁㄻㄴㅇㄹ</p>',458,'2025-03-05 06:19:22','2025-03-05 06:19:22'),(608,7,7,'데이터베이스 수업','<p>ㅇㄴㄹㄴㅇㅁㄻㄴㅇㄹ</p>',938,'2025-03-05 06:19:22','2025-03-05 06:19:22'),(609,2,6,'테스트','<h1>테스트 내용입니다.</h1>',316,'2025-03-05 06:19:22','2025-03-05 06:19:22'),(610,3,6,'ㄻㄴㅇㄹㄴㅁㅇ','<p>ㄻㄴㅇㄻㄴㅇㄻㄴㅇㄹ</p>',766,'2025-03-05 06:19:22','2025-03-05 06:19:22'),(611,3,6,'ㄻㄴㅇㄹㄴㅁㅇ','<p>ㄻㄴㅇㄻㄴㅇㄻㄴㅇㄹ</p>',882,'2025-03-05 06:19:22','2025-03-05 06:19:22'),(612,3,6,'ㄻㄴㅇㄹㄴㅁㅇㅇㄴㄹㅇㄴㅁㄹ','<p>ㄻㄴㅇㄻㄴㅇㄻㄴㅇㄹ</p>',110,'2025-03-05 06:19:22','2025-03-05 06:19:22'),(613,4,6,'자바스크립트','<p>ㅁㄴㅇㅇㅇㅇㅇ</p>',903,'2025-03-05 06:19:22','2025-03-05 06:19:22'),(614,5,6,'리액트 수업내용','<p>ㅁㄴㅇㅇㅇㅇㅇㅇㄻㄴㅇㄴㄹ</p>',185,'2025-03-05 06:19:22','2025-03-05 06:19:22'),(615,4,7,'자바스크립트 수업','<p>ㅇㄴㄹㄴㅇㅁㄻㄴㅇㄹ</p>',214,'2025-03-05 06:19:22','2025-03-05 06:19:22'),(616,6,7,'테스트 글입니다.','<p>ㅇㄴㄹㄴㅇㅁㄻㄴㅇㄹ</p>',515,'2025-03-05 06:19:22','2025-03-05 06:19:22'),(617,7,7,'데이터베이스 수업','<p>ㅇㄴㄹㄴㅇㅁㄻㄴㅇㄹ</p>',934,'2025-03-05 06:19:22','2025-03-05 06:19:22'),(618,2,6,'테스트','<h1>테스트 내용입니다.</h1>',124,'2025-03-05 06:19:22','2025-03-05 06:19:22'),(619,3,6,'ㄻㄴㅇㄹㄴㅁㅇ','<p>ㄻㄴㅇㄻㄴㅇㄻㄴㅇㄹ</p>',817,'2025-03-05 06:19:22','2025-03-05 06:19:22'),(620,3,6,'ㄻㄴㅇㄹㄴㅁㅇ','<p>ㄻㄴㅇㄻㄴㅇㄻㄴㅇㄹ</p>',713,'2025-03-05 06:19:22','2025-03-05 06:19:22'),(621,3,6,'ㄻㄴㅇㄹㄴㅁㅇㅇㄴㄹㅇㄴㅁㄹ','<p>ㄻㄴㅇㄻㄴㅇㄻㄴㅇㄹ</p>',114,'2025-03-05 06:19:22','2025-03-05 06:19:22'),(622,4,6,'자바스크립트','<p>ㅁㄴㅇㅇㅇㅇㅇ</p>',428,'2025-03-05 06:19:22','2025-03-05 06:19:22'),(623,5,6,'리액트 수업내용','<p>ㅁㄴㅇㅇㅇㅇㅇㅇㄻㄴㅇㄴㄹ</p>',799,'2025-03-05 06:19:22','2025-03-05 06:19:22'),(624,4,7,'자바스크립트 수업','<p>ㅇㄴㄹㄴㅇㅁㄻㄴㅇㄹ</p>',710,'2025-03-05 06:19:22','2025-03-05 06:19:22'),(625,6,7,'테스트 글입니다.','<p>ㅇㄴㄹㄴㅇㅁㄻㄴㅇㄹ</p>',153,'2025-03-05 06:19:22','2025-03-05 06:19:22'),(626,7,7,'데이터베이스 수업','<p>ㅇㄴㄹㄴㅇㅁㄻㄴㅇㄹ</p>',636,'2025-03-05 06:19:22','2025-03-05 06:19:22'),(627,2,6,'테스트','<h1>테스트 내용입니다.</h1>',721,'2025-03-05 06:19:22','2025-03-05 06:19:22'),(628,3,6,'ㄻㄴㅇㄹㄴㅁㅇ','<p>ㄻㄴㅇㄻㄴㅇㄻㄴㅇㄹ</p>',696,'2025-03-05 06:19:22','2025-03-05 06:19:22'),(629,3,6,'ㄻㄴㅇㄹㄴㅁㅇ','<p>ㄻㄴㅇㄻㄴㅇㄻㄴㅇㄹ</p>',316,'2025-03-05 06:19:22','2025-03-05 06:19:22'),(630,3,6,'ㄻㄴㅇㄹㄴㅁㅇㅇㄴㄹㅇㄴㅁㄹ','<p>ㄻㄴㅇㄻㄴㅇㄻㄴㅇㄹ</p>',494,'2025-03-05 06:19:22','2025-03-05 06:19:22'),(631,4,6,'자바스크립트','<p>ㅁㄴㅇㅇㅇㅇㅇ</p>',518,'2025-03-05 06:19:22','2025-03-05 06:19:22'),(632,5,6,'리액트 수업내용','<p>ㅁㄴㅇㅇㅇㅇㅇㅇㄻㄴㅇㄴㄹ</p>',107,'2025-03-05 06:19:22','2025-03-05 06:19:22'),(633,4,7,'자바스크립트 수업','<p>ㅇㄴㄹㄴㅇㅁㄻㄴㅇㄹ</p>',982,'2025-03-05 06:19:22','2025-03-05 06:19:22'),(634,6,7,'테스트 글입니다.','<p>ㅇㄴㄹㄴㅇㅁㄻㄴㅇㄹ</p>',590,'2025-03-05 06:19:22','2025-03-05 06:19:22'),(635,7,7,'데이터베이스 수업','<p>ㅇㄴㄹㄴㅇㅁㄻㄴㅇㄹ</p>',2,'2025-03-05 06:19:22','2025-03-05 06:19:22'),(636,2,6,'테스트','<h1>테스트 내용입니다.</h1>',240,'2025-03-05 06:19:22','2025-03-05 06:19:22'),(637,3,6,'ㄻㄴㅇㄹㄴㅁㅇ','<p>ㄻㄴㅇㄻㄴㅇㄻㄴㅇㄹ</p>',193,'2025-03-05 06:19:22','2025-03-05 06:19:22'),(638,3,6,'ㄻㄴㅇㄹㄴㅁㅇ','<p>ㄻㄴㅇㄻㄴㅇㄻㄴㅇㄹ</p>',247,'2025-03-05 06:19:22','2025-03-05 06:19:22'),(639,3,6,'ㄻㄴㅇㄹㄴㅁㅇㅇㄴㄹㅇㄴㅁㄹ','<p>ㄻㄴㅇㄻㄴㅇㄻㄴㅇㄹ</p>',652,'2025-03-05 06:19:22','2025-03-05 06:19:22'),(640,4,6,'자바스크립트','<p>ㅁㄴㅇㅇㅇㅇㅇ</p>',520,'2025-03-05 06:19:22','2025-03-05 06:19:22'),(641,5,6,'리액트 수업내용','<p>ㅁㄴㅇㅇㅇㅇㅇㅇㄻㄴㅇㄴㄹ</p>',645,'2025-03-05 06:19:22','2025-03-05 06:19:22'),(642,4,7,'자바스크립트 수업','<p>ㅇㄴㄹㄴㅇㅁㄻㄴㅇㄹ</p>',663,'2025-03-05 06:19:22','2025-03-05 06:19:22'),(643,6,7,'테스트 글입니다.','<p>ㅇㄴㄹㄴㅇㅁㄻㄴㅇㄹ</p>',382,'2025-03-05 06:19:22','2025-03-05 06:19:22'),(644,7,7,'데이터베이스 수업','<p>ㅇㄴㄹㄴㅇㅁㄻㄴㅇㄹ</p>',918,'2025-03-05 06:19:22','2025-03-05 06:19:22'),(645,2,6,'테스트','<h1>테스트 내용입니다.</h1>',445,'2025-03-05 06:19:22','2025-03-05 06:19:22'),(646,3,6,'ㄻㄴㅇㄹㄴㅁㅇ','<p>ㄻㄴㅇㄻㄴㅇㄻㄴㅇㄹ</p>',471,'2025-03-05 06:19:22','2025-03-05 06:19:22'),(647,3,6,'ㄻㄴㅇㄹㄴㅁㅇ','<p>ㄻㄴㅇㄻㄴㅇㄻㄴㅇㄹ</p>',21,'2025-03-05 06:19:22','2025-03-05 06:19:22'),(648,3,6,'ㄻㄴㅇㄹㄴㅁㅇㅇㄴㄹㅇㄴㅁㄹ','<p>ㄻㄴㅇㄻㄴㅇㄻㄴㅇㄹ</p>',688,'2025-03-05 06:19:22','2025-03-05 06:19:22'),(649,4,6,'자바스크립트','<p>ㅁㄴㅇㅇㅇㅇㅇ</p>',379,'2025-03-05 06:19:22','2025-03-05 06:19:22'),(650,5,6,'리액트 수업내용','<p>ㅁㄴㅇㅇㅇㅇㅇㅇㄻㄴㅇㄴㄹ</p>',830,'2025-03-05 06:19:22','2025-03-05 06:19:22'),(651,4,7,'자바스크립트 수업','<p>ㅇㄴㄹㄴㅇㅁㄻㄴㅇㄹ</p>',11,'2025-03-05 06:19:22','2025-03-05 06:19:22'),(652,6,7,'테스트 글입니다.','<p>ㅇㄴㄹㄴㅇㅁㄻㄴㅇㄹ</p>',567,'2025-03-05 06:19:22','2025-03-05 06:19:22'),(653,7,7,'데이터베이스 수업','<p>ㅇㄴㄹㄴㅇㅁㄻㄴㅇㄹ</p>',800,'2025-03-05 06:19:22','2025-03-05 06:19:22'),(654,2,6,'테스트','<h1>테스트 내용입니다.</h1>',297,'2025-03-05 06:19:22','2025-03-05 06:19:22'),(655,3,6,'ㄻㄴㅇㄹㄴㅁㅇ','<p>ㄻㄴㅇㄻㄴㅇㄻㄴㅇㄹ</p>',85,'2025-03-05 06:19:22','2025-03-05 06:19:22'),(656,3,6,'ㄻㄴㅇㄹㄴㅁㅇ','<p>ㄻㄴㅇㄻㄴㅇㄻㄴㅇㄹ</p>',535,'2025-03-05 06:19:22','2025-03-05 06:19:22'),(657,3,6,'ㄻㄴㅇㄹㄴㅁㅇㅇㄴㄹㅇㄴㅁㄹ','<p>ㄻㄴㅇㄻㄴㅇㄻㄴㅇㄹ</p>',417,'2025-03-05 06:19:22','2025-03-05 06:19:22'),(658,4,6,'자바스크립트','<p>ㅁㄴㅇㅇㅇㅇㅇ</p>',479,'2025-03-05 06:19:22','2025-03-05 06:19:22'),(659,5,6,'리액트 수업내용','<p>ㅁㄴㅇㅇㅇㅇㅇㅇㄻㄴㅇㄴㄹ</p>',147,'2025-03-05 06:19:22','2025-03-05 06:19:22'),(660,4,7,'자바스크립트 수업','<p>ㅇㄴㄹㄴㅇㅁㄻㄴㅇㄹ</p>',294,'2025-03-05 06:19:22','2025-03-05 06:19:22'),(661,6,7,'테스트 글입니다.','<p>ㅇㄴㄹㄴㅇㅁㄻㄴㅇㄹ</p>',29,'2025-03-05 06:19:22','2025-03-05 06:19:22'),(662,7,7,'데이터베이스 수업','<p>ㅇㄴㄹㄴㅇㅁㄻㄴㅇㄹ</p>',264,'2025-03-05 06:19:22','2025-03-05 06:19:22'),(663,2,6,'테스트','<h1>테스트 내용입니다.</h1>',233,'2025-03-05 06:19:22','2025-03-05 06:19:22'),(664,3,6,'ㄻㄴㅇㄹㄴㅁㅇ','<p>ㄻㄴㅇㄻㄴㅇㄻㄴㅇㄹ</p>',374,'2025-03-05 06:19:22','2025-03-05 06:19:22'),(665,3,6,'ㄻㄴㅇㄹㄴㅁㅇ','<p>ㄻㄴㅇㄻㄴㅇㄻㄴㅇㄹ</p>',167,'2025-03-05 06:19:22','2025-03-05 06:19:22'),(666,3,6,'ㄻㄴㅇㄹㄴㅁㅇㅇㄴㄹㅇㄴㅁㄹ','<p>ㄻㄴㅇㄻㄴㅇㄻㄴㅇㄹ</p>',713,'2025-03-05 06:19:22','2025-03-05 06:19:22'),(667,4,6,'자바스크립트','<p>ㅁㄴㅇㅇㅇㅇㅇ</p>',66,'2025-03-05 06:19:22','2025-03-05 06:19:22'),(668,5,6,'리액트 수업내용','<p>ㅁㄴㅇㅇㅇㅇㅇㅇㄻㄴㅇㄴㄹ</p>',190,'2025-03-05 06:19:22','2025-03-05 06:19:22'),(669,4,7,'자바스크립트 수업','<p>ㅇㄴㄹㄴㅇㅁㄻㄴㅇㄹ</p>',750,'2025-03-05 06:19:22','2025-03-05 06:19:22'),(670,6,7,'테스트 글입니다.','<p>ㅇㄴㄹㄴㅇㅁㄻㄴㅇㄹ</p>',182,'2025-03-05 06:19:22','2025-03-05 06:19:22'),(671,7,7,'데이터베이스 수업','<p>ㅇㄴㄹㄴㅇㅁㄻㄴㅇㄹ</p>',658,'2025-03-05 06:19:22','2025-03-05 06:19:22'),(672,2,6,'테스트','<h1>테스트 내용입니다.</h1>',742,'2025-03-05 06:19:22','2025-03-05 06:19:22'),(673,3,6,'ㄻㄴㅇㄹㄴㅁㅇ','<p>ㄻㄴㅇㄻㄴㅇㄻㄴㅇㄹ</p>',735,'2025-03-05 06:19:22','2025-03-05 06:19:22'),(674,3,6,'ㄻㄴㅇㄹㄴㅁㅇ','<p>ㄻㄴㅇㄻㄴㅇㄻㄴㅇㄹ</p>',451,'2025-03-05 06:19:22','2025-03-05 06:19:22'),(675,3,6,'ㄻㄴㅇㄹㄴㅁㅇㅇㄴㄹㅇㄴㅁㄹ','<p>ㄻㄴㅇㄻㄴㅇㄻㄴㅇㄹ</p>',49,'2025-03-05 06:19:22','2025-03-05 06:19:22'),(676,4,6,'자바스크립트','<p>ㅁㄴㅇㅇㅇㅇㅇ</p>',889,'2025-03-05 06:19:22','2025-03-05 06:19:22'),(677,5,6,'리액트 수업내용','<p>ㅁㄴㅇㅇㅇㅇㅇㅇㄻㄴㅇㄴㄹ</p>',300,'2025-03-05 06:19:22','2025-03-05 06:19:22'),(678,4,7,'자바스크립트 수업','<p>ㅇㄴㄹㄴㅇㅁㄻㄴㅇㄹ</p>',833,'2025-03-05 06:19:22','2025-03-05 06:19:22'),(679,6,7,'테스트 글입니다.','<p>ㅇㄴㄹㄴㅇㅁㄻㄴㅇㄹ</p>',262,'2025-03-05 06:19:22','2025-03-05 06:19:22'),(680,7,7,'데이터베이스 수업','<p>ㅇㄴㄹㄴㅇㅁㄻㄴㅇㄹ</p>',812,'2025-03-05 06:19:22','2025-03-05 06:19:22'),(681,2,6,'테스트','<h1>테스트 내용입니다.</h1>',272,'2025-03-05 06:19:22','2025-03-05 06:19:22'),(682,3,6,'ㄻㄴㅇㄹㄴㅁㅇ','<p>ㄻㄴㅇㄻㄴㅇㄻㄴㅇㄹ</p>',923,'2025-03-05 06:19:22','2025-03-05 06:19:22'),(683,3,6,'ㄻㄴㅇㄹㄴㅁㅇ','<p>ㄻㄴㅇㄻㄴㅇㄻㄴㅇㄹ</p>',799,'2025-03-05 06:19:22','2025-03-05 06:19:22'),(684,3,6,'ㄻㄴㅇㄹㄴㅁㅇㅇㄴㄹㅇㄴㅁㄹ','<p>ㄻㄴㅇㄻㄴㅇㄻㄴㅇㄹ</p>',228,'2025-03-05 06:19:22','2025-03-05 06:19:22'),(685,4,6,'자바스크립트','<p>ㅁㄴㅇㅇㅇㅇㅇ</p>',741,'2025-03-05 06:19:22','2025-03-05 06:19:22'),(686,5,6,'리액트 수업내용','<p>ㅁㄴㅇㅇㅇㅇㅇㅇㄻㄴㅇㄴㄹ</p>',20,'2025-03-05 06:19:22','2025-03-05 06:19:22'),(687,4,7,'자바스크립트 수업','<p>ㅇㄴㄹㄴㅇㅁㄻㄴㅇㄹ</p>',875,'2025-03-05 06:19:22','2025-03-05 06:19:22'),(688,6,7,'테스트 글입니다.','<p>ㅇㄴㄹㄴㅇㅁㄻㄴㅇㄹ</p>',315,'2025-03-05 06:19:22','2025-03-05 06:19:22'),(689,7,7,'데이터베이스 수업','<p>ㅇㄴㄹㄴㅇㅁㄻㄴㅇㄹ</p>',948,'2025-03-05 06:19:22','2025-03-05 06:19:22'),(690,2,6,'테스트','<h1>테스트 내용입니다.</h1>',798,'2025-03-05 06:19:22','2025-03-05 06:19:22'),(691,3,6,'ㄻㄴㅇㄹㄴㅁㅇ','<p>ㄻㄴㅇㄻㄴㅇㄻㄴㅇㄹ</p>',142,'2025-03-05 06:19:22','2025-03-05 06:19:22'),(692,3,6,'ㄻㄴㅇㄹㄴㅁㅇ','<p>ㄻㄴㅇㄻㄴㅇㄻㄴㅇㄹ</p>',317,'2025-03-05 06:19:22','2025-03-05 06:19:22'),(693,3,6,'ㄻㄴㅇㄹㄴㅁㅇㅇㄴㄹㅇㄴㅁㄹ','<p>ㄻㄴㅇㄻㄴㅇㄻㄴㅇㄹ</p>',161,'2025-03-05 06:19:22','2025-03-05 06:19:22'),(694,4,6,'자바스크립트','<p>ㅁㄴㅇㅇㅇㅇㅇ</p>',850,'2025-03-05 06:19:22','2025-03-05 06:19:22'),(695,5,6,'리액트 수업내용','<p>ㅁㄴㅇㅇㅇㅇㅇㅇㄻㄴㅇㄴㄹ</p>',767,'2025-03-05 06:19:22','2025-03-05 06:19:22'),(696,4,7,'자바스크립트 수업','<p>ㅇㄴㄹㄴㅇㅁㄻㄴㅇㄹ</p>',286,'2025-03-05 06:19:22','2025-03-05 06:19:22'),(697,6,7,'테스트 글입니다.','<p>ㅇㄴㄹㄴㅇㅁㄻㄴㅇㄹ</p>',128,'2025-03-05 06:19:22','2025-03-05 06:19:22'),(698,7,7,'데이터베이스 수업','<p>ㅇㄴㄹㄴㅇㅁㄻㄴㅇㄹ</p>',782,'2025-03-05 06:19:22','2025-03-05 06:19:22'),(699,2,6,'테스트','<h1>테스트 내용입니다.</h1>',527,'2025-03-05 06:19:22','2025-03-05 06:19:22'),(700,3,6,'ㄻㄴㅇㄹㄴㅁㅇ','<p>ㄻㄴㅇㄻㄴㅇㄻㄴㅇㄹ</p>',288,'2025-03-05 06:19:22','2025-03-05 06:19:22'),(701,3,6,'ㄻㄴㅇㄹㄴㅁㅇ','<p>ㄻㄴㅇㄻㄴㅇㄻㄴㅇㄹ</p>',858,'2025-03-05 06:19:22','2025-03-05 06:19:22'),(702,3,6,'ㄻㄴㅇㄹㄴㅁㅇㅇㄴㄹㅇㄴㅁㄹ','<p>ㄻㄴㅇㄻㄴㅇㄻㄴㅇㄹ</p>',425,'2025-03-05 06:19:22','2025-03-05 06:19:22'),(703,4,6,'자바스크립트','<p>ㅁㄴㅇㅇㅇㅇㅇ</p>',551,'2025-03-05 06:19:22','2025-03-05 06:19:22'),(704,5,6,'리액트 수업내용','<p>ㅁㄴㅇㅇㅇㅇㅇㅇㄻㄴㅇㄴㄹ</p>',480,'2025-03-05 06:19:22','2025-03-05 06:19:22'),(705,4,7,'자바스크립트 수업','<p>ㅇㄴㄹㄴㅇㅁㄻㄴㅇㄹ</p>',746,'2025-03-05 06:19:22','2025-03-05 06:19:22'),(706,6,7,'테스트 글입니다.','<p>ㅇㄴㄹㄴㅇㅁㄻㄴㅇㄹ</p>',289,'2025-03-05 06:19:22','2025-03-05 06:19:22'),(707,7,7,'데이터베이스 수업','<p>ㅇㄴㄹㄴㅇㅁㄻㄴㅇㄹ</p>',207,'2025-03-05 06:19:22','2025-03-05 06:19:22'),(708,2,6,'테스트','<h1>테스트 내용입니다.</h1>',169,'2025-03-05 06:19:22','2025-03-05 06:19:22'),(709,3,6,'ㄻㄴㅇㄹㄴㅁㅇ','<p>ㄻㄴㅇㄻㄴㅇㄻㄴㅇㄹ</p>',222,'2025-03-05 06:19:22','2025-03-05 06:19:22'),(710,3,6,'ㄻㄴㅇㄹㄴㅁㅇ','<p>ㄻㄴㅇㄻㄴㅇㄻㄴㅇㄹ</p>',603,'2025-03-05 06:19:22','2025-03-05 06:19:22'),(711,3,6,'ㄻㄴㅇㄹㄴㅁㅇㅇㄴㄹㅇㄴㅁㄹ','<p>ㄻㄴㅇㄻㄴㅇㄻㄴㅇㄹ</p>',349,'2025-03-05 06:19:22','2025-03-05 06:19:22'),(712,4,6,'자바스크립트','<p>ㅁㄴㅇㅇㅇㅇㅇ</p>',936,'2025-03-05 06:19:22','2025-03-05 06:19:22'),(713,5,6,'리액트 수업내용','<p>ㅁㄴㅇㅇㅇㅇㅇㅇㄻㄴㅇㄴㄹ</p>',630,'2025-03-05 06:19:22','2025-03-05 06:19:22'),(714,4,7,'자바스크립트 수업','<p>ㅇㄴㄹㄴㅇㅁㄻㄴㅇㄹ</p>',344,'2025-03-05 06:19:22','2025-03-05 06:19:22'),(715,6,7,'테스트 글입니다.','<p>ㅇㄴㄹㄴㅇㅁㄻㄴㅇㄹ</p>',829,'2025-03-05 06:19:22','2025-03-05 06:19:22'),(716,7,7,'데이터베이스 수업','<p>ㅇㄴㄹㄴㅇㅁㄻㄴㅇㄹ</p>',113,'2025-03-05 06:19:22','2025-03-05 06:19:22'),(717,2,6,'테스트','<h1>테스트 내용입니다.</h1>',78,'2025-03-05 06:19:22','2025-03-05 06:19:22'),(718,3,6,'ㄻㄴㅇㄹㄴㅁㅇ','<p>ㄻㄴㅇㄻㄴㅇㄻㄴㅇㄹ</p>',50,'2025-03-05 06:19:22','2025-03-05 06:19:22'),(719,3,6,'ㄻㄴㅇㄹㄴㅁㅇ','<p>ㄻㄴㅇㄻㄴㅇㄻㄴㅇㄹ</p>',15,'2025-03-05 06:19:22','2025-03-05 06:19:22'),(720,3,6,'ㄻㄴㅇㄹㄴㅁㅇㅇㄴㄹㅇㄴㅁㄹ','<p>ㄻㄴㅇㄻㄴㅇㄻㄴㅇㄹ</p>',926,'2025-03-05 06:19:22','2025-03-05 06:19:22'),(721,4,6,'자바스크립트','<p>ㅁㄴㅇㅇㅇㅇㅇ</p>',585,'2025-03-05 06:19:22','2025-03-05 06:19:22'),(722,5,6,'리액트 수업내용','<p>ㅁㄴㅇㅇㅇㅇㅇㅇㄻㄴㅇㄴㄹ</p>',143,'2025-03-05 06:19:22','2025-03-05 06:19:22'),(723,4,7,'자바스크립트 수업','<p>ㅇㄴㄹㄴㅇㅁㄻㄴㅇㄹ</p>',963,'2025-03-05 06:19:22','2025-03-05 06:19:22'),(724,6,7,'테스트 글입니다.','<p>ㅇㄴㄹㄴㅇㅁㄻㄴㅇㄹ</p>',385,'2025-03-05 06:19:22','2025-03-05 06:19:22'),(725,7,7,'데이터베이스 수업','<p>ㅇㄴㄹㄴㅇㅁㄻㄴㅇㄹ</p>',34,'2025-03-05 06:19:22','2025-03-05 06:19:22'),(726,2,6,'테스트','<h1>테스트 내용입니다.</h1>',13,'2025-03-05 06:19:22','2025-03-05 06:19:22'),(727,3,6,'ㄻㄴㅇㄹㄴㅁㅇ','<p>ㄻㄴㅇㄻㄴㅇㄻㄴㅇㄹ</p>',965,'2025-03-05 06:19:22','2025-03-05 06:19:22'),(728,3,6,'ㄻㄴㅇㄹㄴㅁㅇ','<p>ㄻㄴㅇㄻㄴㅇㄻㄴㅇㄹ</p>',784,'2025-03-05 06:19:22','2025-03-05 06:19:22'),(729,3,6,'ㄻㄴㅇㄹㄴㅁㅇㅇㄴㄹㅇㄴㅁㄹ','<p>ㄻㄴㅇㄻㄴㅇㄻㄴㅇㄹ</p>',26,'2025-03-05 06:19:22','2025-03-05 06:19:22'),(730,4,6,'자바스크립트','<p>ㅁㄴㅇㅇㅇㅇㅇ</p>',776,'2025-03-05 06:19:22','2025-03-05 06:19:22'),(731,5,6,'리액트 수업내용','<p>ㅁㄴㅇㅇㅇㅇㅇㅇㄻㄴㅇㄴㄹ</p>',802,'2025-03-05 06:19:22','2025-03-05 06:19:22'),(732,4,7,'자바스크립트 수업','<p>ㅇㄴㄹㄴㅇㅁㄻㄴㅇㄹ</p>',683,'2025-03-05 06:19:22','2025-03-05 06:19:22'),(733,6,7,'테스트 글입니다.','<p>ㅇㄴㄹㄴㅇㅁㄻㄴㅇㄹ</p>',6,'2025-03-05 06:19:22','2025-03-05 06:19:22'),(734,7,7,'데이터베이스 수업','<p>ㅇㄴㄹㄴㅇㅁㄻㄴㅇㄹ</p>',981,'2025-03-05 06:19:22','2025-03-05 06:19:22'),(735,2,6,'테스트','<h1>테스트 내용입니다.</h1>',886,'2025-03-05 06:19:22','2025-03-05 06:19:22'),(736,3,6,'ㄻㄴㅇㄹㄴㅁㅇ','<p>ㄻㄴㅇㄻㄴㅇㄻㄴㅇㄹ</p>',486,'2025-03-05 06:19:22','2025-03-05 06:19:22'),(737,3,6,'ㄻㄴㅇㄹㄴㅁㅇ','<p>ㄻㄴㅇㄻㄴㅇㄻㄴㅇㄹ</p>',774,'2025-03-05 06:19:22','2025-03-05 06:19:22'),(738,3,6,'ㄻㄴㅇㄹㄴㅁㅇㅇㄴㄹㅇㄴㅁㄹ','<p>ㄻㄴㅇㄻㄴㅇㄻㄴㅇㄹ</p>',412,'2025-03-05 06:19:22','2025-03-05 06:19:22'),(739,4,6,'자바스크립트','<p>ㅁㄴㅇㅇㅇㅇㅇ</p>',736,'2025-03-05 06:19:22','2025-03-05 06:19:22'),(740,5,6,'리액트 수업내용','<p>ㅁㄴㅇㅇㅇㅇㅇㅇㄻㄴㅇㄴㄹ</p>',444,'2025-03-05 06:19:22','2025-03-05 06:19:22'),(741,4,7,'자바스크립트 수업','<p>ㅇㄴㄹㄴㅇㅁㄻㄴㅇㄹ</p>',13,'2025-03-05 06:19:22','2025-03-05 06:19:22'),(742,6,7,'테스트 글입니다.','<p>ㅇㄴㄹㄴㅇㅁㄻㄴㅇㄹ</p>',731,'2025-03-05 06:19:22','2025-03-05 06:19:22'),(743,7,7,'데이터베이스 수업','<p>ㅇㄴㄹㄴㅇㅁㄻㄴㅇㄹ</p>',617,'2025-03-05 06:19:22','2025-03-05 06:19:22'),(744,2,6,'테스트','<h1>테스트 내용입니다.</h1>',889,'2025-03-05 06:19:22','2025-03-05 06:19:22'),(745,3,6,'ㄻㄴㅇㄹㄴㅁㅇ','<p>ㄻㄴㅇㄻㄴㅇㄻㄴㅇㄹ</p>',594,'2025-03-05 06:19:22','2025-03-05 06:19:22'),(746,3,6,'ㄻㄴㅇㄹㄴㅁㅇ','<p>ㄻㄴㅇㄻㄴㅇㄻㄴㅇㄹ</p>',303,'2025-03-05 06:19:22','2025-03-05 06:19:22'),(747,3,6,'ㄻㄴㅇㄹㄴㅁㅇㅇㄴㄹㅇㄴㅁㄹ','<p>ㄻㄴㅇㄻㄴㅇㄻㄴㅇㄹ</p>',731,'2025-03-05 06:19:22','2025-03-05 06:19:22'),(748,4,6,'자바스크립트','<p>ㅁㄴㅇㅇㅇㅇㅇ</p>',746,'2025-03-05 06:19:22','2025-03-05 06:19:22'),(749,5,6,'리액트 수업내용','<p>ㅁㄴㅇㅇㅇㅇㅇㅇㄻㄴㅇㄴㄹ</p>',538,'2025-03-05 06:19:22','2025-03-05 06:19:22'),(750,4,7,'자바스크립트 수업','<p>ㅇㄴㄹㄴㅇㅁㄻㄴㅇㄹ</p>',450,'2025-03-05 06:19:22','2025-03-05 06:19:22'),(751,6,7,'테스트 글입니다.','<p>ㅇㄴㄹㄴㅇㅁㄻㄴㅇㄹ</p>',637,'2025-03-05 06:19:22','2025-03-05 06:19:22'),(752,7,7,'데이터베이스 수업','<p>ㅇㄴㄹㄴㅇㅁㄻㄴㅇㄹ</p>',835,'2025-03-05 06:19:22','2025-03-05 06:19:22'),(753,2,6,'테스트','<h1>테스트 내용입니다.</h1>',263,'2025-03-05 06:19:22','2025-03-05 06:19:22'),(754,3,6,'ㄻㄴㅇㄹㄴㅁㅇ','<p>ㄻㄴㅇㄻㄴㅇㄻㄴㅇㄹ</p>',810,'2025-03-05 06:19:22','2025-03-05 06:19:22'),(755,3,6,'ㄻㄴㅇㄹㄴㅁㅇ','<p>ㄻㄴㅇㄻㄴㅇㄻㄴㅇㄹ</p>',258,'2025-03-05 06:19:22','2025-03-05 06:19:22'),(756,3,6,'ㄻㄴㅇㄹㄴㅁㅇㅇㄴㄹㅇㄴㅁㄹ','<p>ㄻㄴㅇㄻㄴㅇㄻㄴㅇㄹ</p>',863,'2025-03-05 06:19:22','2025-03-05 06:19:22'),(757,4,6,'자바스크립트','<p>ㅁㄴㅇㅇㅇㅇㅇ</p>',538,'2025-03-05 06:19:22','2025-03-05 06:19:22'),(758,5,6,'리액트 수업내용','<p>ㅁㄴㅇㅇㅇㅇㅇㅇㄻㄴㅇㄴㄹ</p>',100,'2025-03-05 06:19:22','2025-03-05 06:19:22'),(759,4,7,'자바스크립트 수업','<p>ㅇㄴㄹㄴㅇㅁㄻㄴㅇㄹ</p>',888,'2025-03-05 06:19:22','2025-03-05 06:19:22'),(760,6,7,'테스트 글입니다.','<p>ㅇㄴㄹㄴㅇㅁㄻㄴㅇㄹ</p>',137,'2025-03-05 06:19:22','2025-03-05 06:19:22'),(761,7,7,'데이터베이스 수업','<p>ㅇㄴㄹㄴㅇㅁㄻㄴㅇㄹ</p>',23,'2025-03-05 06:19:22','2025-03-05 06:19:22'),(762,2,6,'테스트','<h1>테스트 내용입니다.</h1>',704,'2025-03-05 06:19:22','2025-03-05 06:19:22'),(763,3,6,'ㄻㄴㅇㄹㄴㅁㅇ','<p>ㄻㄴㅇㄻㄴㅇㄻㄴㅇㄹ</p>',450,'2025-03-05 06:19:22','2025-03-05 06:19:22'),(764,3,6,'ㄻㄴㅇㄹㄴㅁㅇ','<p>ㄻㄴㅇㄻㄴㅇㄻㄴㅇㄹ</p>',138,'2025-03-05 06:19:22','2025-03-05 06:19:22'),(765,3,6,'ㄻㄴㅇㄹㄴㅁㅇㅇㄴㄹㅇㄴㅁㄹ','<p>ㄻㄴㅇㄻㄴㅇㄻㄴㅇㄹ</p>',338,'2025-03-05 06:19:22','2025-03-05 06:19:22'),(766,4,6,'자바스크립트','<p>ㅁㄴㅇㅇㅇㅇㅇ</p>',276,'2025-03-05 06:19:22','2025-03-05 06:19:22'),(767,5,6,'리액트 수업내용','<p>ㅁㄴㅇㅇㅇㅇㅇㅇㄻㄴㅇㄴㄹ</p>',367,'2025-03-05 06:19:22','2025-03-05 06:19:22'),(768,4,7,'자바스크립트 수업','<p>ㅇㄴㄹㄴㅇㅁㄻㄴㅇㄹ</p>',8,'2025-03-05 06:19:22','2025-03-05 06:19:22'),(769,6,7,'테스트 글입니다.','<p>ㅇㄴㄹㄴㅇㅁㄻㄴㅇㄹ</p>',935,'2025-03-05 06:19:22','2025-03-05 06:19:22'),(770,7,7,'데이터베이스 수업','<p>ㅇㄴㄹㄴㅇㅁㄻㄴㅇㄹ</p>',651,'2025-03-05 06:19:22','2025-03-05 06:19:22'),(771,2,6,'테스트','<h1>테스트 내용입니다.</h1>',449,'2025-03-05 06:19:22','2025-03-05 06:19:22'),(772,3,6,'ㄻㄴㅇㄹㄴㅁㅇ','<p>ㄻㄴㅇㄻㄴㅇㄻㄴㅇㄹ</p>',290,'2025-03-05 06:19:22','2025-03-05 06:19:22'),(773,3,6,'ㄻㄴㅇㄹㄴㅁㅇ','<p>ㄻㄴㅇㄻㄴㅇㄻㄴㅇㄹ</p>',105,'2025-03-05 06:19:22','2025-03-05 06:19:22'),(774,3,6,'ㄻㄴㅇㄹㄴㅁㅇㅇㄴㄹㅇㄴㅁㄹ','<p>ㄻㄴㅇㄻㄴㅇㄻㄴㅇㄹ</p>',654,'2025-03-05 06:19:22','2025-03-05 06:19:22'),(775,4,6,'자바스크립트','<p>ㅁㄴㅇㅇㅇㅇㅇ</p>',956,'2025-03-05 06:19:22','2025-03-05 06:19:22'),(776,5,6,'리액트 수업내용','<p>ㅁㄴㅇㅇㅇㅇㅇㅇㄻㄴㅇㄴㄹ</p>',815,'2025-03-05 06:19:22','2025-03-05 06:19:22'),(777,4,7,'자바스크립트 수업','<p>ㅇㄴㄹㄴㅇㅁㄻㄴㅇㄹ</p>',209,'2025-03-05 06:19:22','2025-03-05 06:19:22'),(778,6,7,'테스트 글입니다.','<p>ㅇㄴㄹㄴㅇㅁㄻㄴㅇㄹ</p>',598,'2025-03-05 06:19:22','2025-03-05 06:19:22'),(779,7,7,'데이터베이스 수업','<p>ㅇㄴㄹㄴㅇㅁㄻㄴㅇㄹ</p>',362,'2025-03-05 06:19:22','2025-03-05 06:19:22'),(780,2,6,'테스트','<h1>테스트 내용입니다.</h1>',17,'2025-03-05 06:19:22','2025-03-05 06:19:22'),(781,3,6,'ㄻㄴㅇㄹㄴㅁㅇ','<p>ㄻㄴㅇㄻㄴㅇㄻㄴㅇㄹ</p>',998,'2025-03-05 06:19:22','2025-03-05 06:19:22'),(782,3,6,'ㄻㄴㅇㄹㄴㅁㅇ','<p>ㄻㄴㅇㄻㄴㅇㄻㄴㅇㄹ</p>',940,'2025-03-05 06:19:22','2025-03-05 06:19:22'),(783,3,6,'ㄻㄴㅇㄹㄴㅁㅇㅇㄴㄹㅇㄴㅁㄹ','<p>ㄻㄴㅇㄻㄴㅇㄻㄴㅇㄹ</p>',704,'2025-03-05 06:19:22','2025-03-05 06:19:22'),(784,4,6,'자바스크립트','<p>ㅁㄴㅇㅇㅇㅇㅇ</p>',698,'2025-03-05 06:19:22','2025-03-05 06:19:22'),(785,5,6,'리액트 수업내용','<p>ㅁㄴㅇㅇㅇㅇㅇㅇㄻㄴㅇㄴㄹ</p>',378,'2025-03-05 06:19:22','2025-03-05 06:19:22'),(786,4,7,'자바스크립트 수업','<p>ㅇㄴㄹㄴㅇㅁㄻㄴㅇㄹ</p>',795,'2025-03-05 06:19:22','2025-03-05 06:19:22'),(787,6,7,'테스트 글입니다.','<p>ㅇㄴㄹㄴㅇㅁㄻㄴㅇㄹ</p>',840,'2025-03-05 06:19:22','2025-03-05 06:19:22'),(788,7,7,'데이터베이스 수업','<p>ㅇㄴㄹㄴㅇㅁㄻㄴㅇㄹ</p>',816,'2025-03-05 06:19:22','2025-03-05 06:19:22');
/*!40000 ALTER TABLE `board_tb` ENABLE KEYS */;
UNLOCK TABLES;

--
-- Table structure for table `role_tb`
--

DROP TABLE IF EXISTS `role_tb`;
/*!40101 SET @saved_cs_client     = @@character_set_client */;
/*!50503 SET character_set_client = utf8mb4 */;
CREATE TABLE `role_tb` (
  `role_id` int NOT NULL AUTO_INCREMENT,
  `role_name` varchar(255) NOT NULL,
  `role_name_kor` varchar(255) NOT NULL,
  `created_at` timestamp NOT NULL,
  PRIMARY KEY (`role_id`),
  UNIQUE KEY `role_name_UNIQUE` (`role_name`),
  UNIQUE KEY `role_name_kor_UNIQUE` (`role_name_kor`)
) ENGINE=InnoDB AUTO_INCREMENT=3 DEFAULT CHARSET=utf8mb4 COLLATE=utf8mb4_0900_ai_ci;
/*!40101 SET character_set_client = @saved_cs_client */;

--
-- Dumping data for table `role_tb`
--

LOCK TABLES `role_tb` WRITE;
/*!40000 ALTER TABLE `role_tb` DISABLE KEYS */;
INSERT INTO `role_tb` VALUES (1,'ROLE_USER','일반사용자','2025-02-25 06:24:25'),(2,'ROLE_ADMIN','관리자','2025-02-25 06:24:25');
/*!40000 ALTER TABLE `role_tb` ENABLE KEYS */;
UNLOCK TABLES;

--
-- Table structure for table `user_role_tb`
--

DROP TABLE IF EXISTS `user_role_tb`;
/*!40101 SET @saved_cs_client     = @@character_set_client */;
/*!50503 SET character_set_client = utf8mb4 */;
CREATE TABLE `user_role_tb` (
  `user_role_id` int NOT NULL AUTO_INCREMENT,
  `user_id` int NOT NULL,
  `role_id` int NOT NULL,
  `created_at` timestamp NOT NULL,
  PRIMARY KEY (`user_role_id`)
) ENGINE=InnoDB AUTO_INCREMENT=7 DEFAULT CHARSET=utf8mb4 COLLATE=utf8mb4_0900_ai_ci;
/*!40101 SET character_set_client = @saved_cs_client */;

--
-- Dumping data for table `user_role_tb`
--

LOCK TABLES `user_role_tb` WRITE;
/*!40000 ALTER TABLE `user_role_tb` DISABLE KEYS */;
INSERT INTO `user_role_tb` VALUES (1,2,1,'2025-02-27 04:06:19'),(2,3,1,'2025-02-27 07:52:35'),(3,4,1,'2025-02-27 08:41:22'),(4,5,1,'2025-02-28 01:03:16'),(5,6,1,'2025-02-28 06:32:58'),(6,7,1,'2025-02-28 07:35:03');
/*!40000 ALTER TABLE `user_role_tb` ENABLE KEYS */;
UNLOCK TABLES;

--
-- Table structure for table `user_tb`
--

DROP TABLE IF EXISTS `user_tb`;
/*!40101 SET @saved_cs_client     = @@character_set_client */;
/*!50503 SET character_set_client = utf8mb4 */;
CREATE TABLE `user_tb` (
  `user_id` int NOT NULL AUTO_INCREMENT,
  `username` varchar(255) NOT NULL,
  `password` varchar(255) DEFAULT NULL,
  `email` varchar(255) DEFAULT NULL,
  `nickname` varchar(255) NOT NULL,
  `oauth2_name` varchar(255) DEFAULT NULL,
  `oauth2_provider` varchar(255) DEFAULT NULL,
  `profile_img` varchar(255) DEFAULT NULL,
  `account_expired` int NOT NULL,
  `account_locked` int NOT NULL,
  `credentials_expired` int NOT NULL,
  `account_enabled` int NOT NULL,
  `created_at` timestamp NOT NULL,
  PRIMARY KEY (`user_id`),
  UNIQUE KEY `email_UNIQUE` (`username`)
) ENGINE=InnoDB AUTO_INCREMENT=8 DEFAULT CHARSET=utf8mb4 COLLATE=utf8mb4_0900_ai_ci;
/*!40101 SET character_set_client = @saved_cs_client */;

--
-- Dumping data for table `user_tb`
--

LOCK TABLES `user_tb` WRITE;
/*!40000 ALTER TABLE `user_tb` DISABLE KEYS */;
INSERT INTO `user_tb` VALUES (1,'test12345','$2a$10$Uo0B.2xDp3Fv3x4OcwfEge.1gff9203mPsvC2p2a4fxkOZvTpAhfS','test@gmail.com','test1234564344',NULL,NULL,'805f025d13a443029cc9d12e894ef62e_KakaoTalk_20250225_150011161_02.jpg',1,1,1,1,'2025-02-25 03:49:16'),(2,'test123456','$2a$10$6XdAp1whlTtVznR3CR27U.R73orUFP0BQadn9wnpWS1EEli2KRnla','test@gmail.com','test123456',NULL,NULL,NULL,1,1,1,1,'2025-02-27 04:06:19'),(3,'test12','$2a$10$W6QmGPgDU.MERniVV0JHUeLwrdBkECCn5hVQ8Rjroh8sD1jfIALP6','skjil1218@naver.com','test12',NULL,NULL,NULL,1,1,1,0,'2025-02-27 07:52:35'),(4,'test123','$2a$10$o4vdy3Or8I2wMh7pS3W1juEC1TzpK/iaNm8Owrdfw5FvNR.fhIB4G','skjil1218@naver.com','test123',NULL,NULL,NULL,1,1,1,1,'2025-02-27 08:41:22'),(5,'test11','$2a$10$EG.j0t/wmHCuFR1tbKjKqe6coy0UrPAOgjjMGmKWto.Tqtn5r06Tu','skjil1218@naver.com','test11',NULL,NULL,NULL,1,1,1,1,'2025-02-28 01:03:16'),(6,'google_107503745689993553322',NULL,'skjil1218@naver.com','google_107503asdfsdafasdfasdfas','107503745689993553322','google','abf86d0fd7414343aa0aae4fabd8b20c_KakaoTalk_20250225_150011161_02.jpg',1,1,1,1,'2025-02-28 06:32:58'),(7,'naver_M8MMDTsovoWm1J-pj5PEuAfEpH5FsMNwQY0q7Qp-heU',NULL,'skjil1218@gmail.com','김준일','M8MMDTsovoWm1J-pj5PEuAfEpH5FsMNwQY0q7Qp-heU','naver',NULL,1,1,1,1,'2025-02-28 07:35:03');
/*!40000 ALTER TABLE `user_tb` ENABLE KEYS */;
UNLOCK TABLES;
/*!40103 SET TIME_ZONE=@OLD_TIME_ZONE */;

/*!40101 SET SQL_MODE=@OLD_SQL_MODE */;
/*!40014 SET FOREIGN_KEY_CHECKS=@OLD_FOREIGN_KEY_CHECKS */;
/*!40014 SET UNIQUE_CHECKS=@OLD_UNIQUE_CHECKS */;
/*!40101 SET CHARACTER_SET_CLIENT=@OLD_CHARACTER_SET_CLIENT */;
/*!40101 SET CHARACTER_SET_RESULTS=@OLD_CHARACTER_SET_RESULTS */;
/*!40101 SET COLLATION_CONNECTION=@OLD_COLLATION_CONNECTION */;
/*!40111 SET SQL_NOTES=@OLD_SQL_NOTES */;

-- Dump completed on 2025-03-10 12:52:16
